a,b,crps_a,crps_b,diff_a_minus_b,rel_diff_pct,n_days,dm_stat,dm_p,boot_lo,boot_hi,family,bh_reject_q05
gnn_geo,nn_unk,0.883995,0.87059,0.0134048,1.53974,366,3.0827,0.00205129,0.00635493,0.0220347,baselines_descriptive,True
gnn_geo,nn_knn,0.883995,0.884933,-0.000937757,-0.105969,366,-0.128408,0.897826,-0.0157576,0.0148679,baselines_descriptive,False
gnn_geo,emos_bst_gl,0.883995,0.912544,-0.0285489,-3.12849,366,-4.77101,1.83304e-06,-0.0376099,-0.0154106,baselines_descriptive,True
gnn_geo,drn_lak,0.883995,0.864499,0.0194962,2.2552,366,7.24812,4.22551e-13,0.0150208,0.0252669,baselines_descriptive,True
drn_lak,nn_noemb,0.864499,0.858037,0.00646165,0.753074,366,2.30814,0.0209913,0.00149224,0.0119627,baselines_descriptive,True
drn_lak,nn_unk,0.864499,0.87059,-0.00609143,-0.699689,366,-1.91921,0.0549578,-0.0116862,0.000373017,baselines_descriptive,False
drn_lak,emos_bst_gl,0.864499,0.912544,-0.0480451,-5.26496,366,-10.5854,0,-0.0552021,-0.0383263,baselines_descriptive,True
samos_attn,nn_unk,0.873829,0.87059,0.00323887,0.372031,366,1.17463,0.240144,-0.00129353,0.00921029,pilot_primary,False
samos_attn,nn_knn,0.873829,0.884933,-0.0111037,-1.25475,366,-1.48658,0.137127,-0.0261292,0.0042236,pilot_primary,False
samos_attn,emos_bst_gl,0.873829,0.912544,-0.0387148,-4.24251,366,-6.98233,2.90323e-12,-0.0479966,-0.0265438,pilot_primary,True
samos_attn,nn_noemb,0.873829,0.858037,0.0157919,1.84047,366,5.05954,4.20264e-07,0.010385,0.0225986,pilot_secondary,
samos_attn,nn_hybrid,0.873829,0.856467,0.0173622,2.02719,366,5.57825,2.42952e-08,0.0119313,0.0240293,pilot_secondary,
samos_attn,nn_hybrid_res,0.873829,0.853061,0.0207676,2.43448,366,6.74486,1.53173e-11,0.0152365,0.0273947,pilot_secondary,
samos_attn,drn_lak,0.873829,0.864499,0.00933029,1.07927,366,2.58652,0.00969498,0.00235858,0.0164751,pilot_secondary,
samos_attn,gnn_geo,0.873829,0.883995,-0.0101659,-1.15,366,-2.35582,0.0184821,-0.0186755,-0.00224777,pilot_secondary,
samos_attn,samos_mlp,0.873829,0.854387,0.0194424,2.27559,366,6.8033,1.02249e-11,0.0140017,0.0253977,pilot_secondary,
