method,n_seeds,crps,mae,rmse,cov80,cov90,pit_ri,spread_skill,bias,single_seed_mean,single_seed_sd
raw_ensemble_gauss,0,1.15187,1.44064,1.87715,0.39463,0.49115,0.81075,0.42544,-0.04784,,
emos_gl,0,1.01305,1.40127,1.85292,0.79829,0.88516,0.10523,0.93762,0.17010,,
emos_bst_gl,0,0.91578,1.28177,1.70569,0.81702,0.90689,0.07549,1.00093,0.12746,,
nn_unk,3,0.89223,1.24640,1.65335,0.75109,0.85580,0.12133,0.86026,0.22632,0.90515,0.00732
nn_knn,3,0.90704,1.27319,1.67372,0.75455,0.86162,0.18739,0.87609,-0.28699,0.92350,0.00697
nn_noemb,3,0.87769,1.23131,1.62906,0.77141,0.87329,0.08936,0.91460,0.20355,0.88626,0.00113
nn_attr,3,0.91265,1.27932,1.69464,0.74855,0.85618,0.10290,0.86601,0.17928,0.92732,0.00792
nn_hybrid,3,0.89598,1.25232,1.66198,0.74335,0.85048,0.11942,0.84860,0.21057,0.91275,0.01751
nn_hybrid_res,3,0.89766,1.25361,1.67012,0.74545,0.85235,0.11738,0.85192,0.20752,0.91236,0.00704
drn_lak,3,0.87948,1.23507,1.63499,0.80829,0.90173,0.06662,0.97649,0.18052,0.88659,0.00296
gnn_geo,3,0.90477,1.26502,1.66648,0.82841,0.91416,0.10975,1.03643,0.22549,0.91675,0.00478
samos_attn,3,0.88652,1.23971,1.65234,0.74934,0.85583,0.10602,0.86022,0.18993,0.90613,0.00378
samos_mlp,3,0.87839,1.22945,1.63457,0.76872,0.87084,0.08108,0.90685,0.17969,0.89090,0.00435
