dataset,contrast,resampling,n_clusters,did,lo,hi,width,excludes_zero,p_did_gt0,n_seeds_spatial,n_seeds_random
euppbench,primary_10v3_drn,station,117,0.150574,0.041139,0.317367,0.276228,True,1.000000,10,3
euppbench,primary_10v3_drn,primary_folds_7,7,0.150574,0.018312,0.437592,0.419280,True,1.000000,10,3
euppbench,primary_10v3_drn,countries_5,5,0.150574,0.023662,0.793099,0.769437,True,1.000000,10,3
euppbench,primary_10v3_drn,kmeans_10,10,0.150574,0.015582,0.408901,0.393319,True,0.999000,10,3
euppbench,primary_10v3_drn,kmeans_20,20,0.150574,0.012182,0.445526,0.433345,True,0.999500,10,3
euppbench,primary_10v3_drn,kmeans_30,30,0.150574,0.013103,0.466985,0.453883,True,0.999000,10,3
euppbench,primary_10v3_gnn,station,117,0.102236,0.037246,0.182745,0.145498,True,0.999000,10,3
euppbench,primary_10v3_gnn,primary_folds_7,7,0.102236,-0.003090,0.311678,0.314767,False,0.960500,10,3
euppbench,primary_10v3_gnn,countries_5,5,0.102236,0.020314,0.469722,0.449408,True,0.998500,10,3
euppbench,primary_10v3_gnn,kmeans_10,10,0.102236,-0.005285,0.262758,0.268042,False,0.958000,10,3
euppbench,primary_10v3_gnn,kmeans_20,20,0.102236,0.007671,0.257689,0.250018,True,0.991500,10,3
euppbench,primary_10v3_gnn,kmeans_30,30,0.102236,0.006728,0.255283,0.248556,True,0.988500,10,3
euppbench,matched_3v3_drn,station,117,0.147202,0.043271,0.338334,0.295063,True,1.000000,3,3
euppbench,matched_3v3_drn,primary_folds_7,7,0.147202,0.021387,0.443395,0.422008,True,1.000000,3,3
euppbench,matched_3v3_drn,countries_5,5,0.147202,0.024480,0.819463,0.794983,True,1.000000,3,3
euppbench,matched_3v3_drn,kmeans_10,10,0.147202,0.016790,0.403327,0.386537,True,0.999000,3,3
euppbench,matched_3v3_drn,kmeans_20,20,0.147202,0.013471,0.470496,0.457025,True,0.999000,3,3
euppbench,matched_3v3_drn,kmeans_30,30,0.147202,0.015599,0.434045,0.418446,True,0.999500,3,3
euppbench,matched_3v3_gnn,station,117,0.081061,0.033271,0.171365,0.138094,True,0.999000,3,3
euppbench,matched_3v3_gnn,primary_folds_7,7,0.081061,0.003916,0.236570,0.232654,True,0.988000,3,3
euppbench,matched_3v3_gnn,countries_5,5,0.081061,0.021069,0.331927,0.310858,True,0.999000,3,3
euppbench,matched_3v3_gnn,kmeans_10,10,0.081061,0.000614,0.214449,0.213835,True,0.978500,3,3
euppbench,matched_3v3_gnn,kmeans_20,20,0.081061,0.010595,0.219200,0.208605,True,0.995500,3,3
euppbench,matched_3v3_gnn,kmeans_30,30,0.081061,0.011202,0.210695,0.199493,True,0.994000,3,3
euppbench,forecast_only_3v3_gnn,station,117,0.070515,0.024690,0.174722,0.150031,True,0.998500,3,3
euppbench,forecast_only_3v3_gnn,primary_folds_7,7,0.070515,0.000071,0.223276,0.223205,True,0.975500,3,3
euppbench,forecast_only_3v3_gnn,countries_5,5,0.070515,0.020772,0.281802,0.261030,True,0.998500,3,3
euppbench,forecast_only_3v3_gnn,kmeans_10,10,0.070515,0.000163,0.208122,0.207960,True,0.975000,3,3
euppbench,forecast_only_3v3_gnn,kmeans_20,20,0.070515,0.013484,0.199831,0.186348,True,0.998500,3,3
euppbench,forecast_only_3v3_gnn,kmeans_30,30,0.070515,0.006135,0.191920,0.185785,True,0.990000,3,3
german,primary_10v3_drn,station,502,0.008147,-0.001005,0.012107,0.013112,False,0.961000,10,3
german,primary_10v3_drn,primary_folds_7,7,0.008147,-0.001564,0.014981,0.016545,False,0.939500,10,3
german,primary_10v3_drn,kmeans_20,20,0.008147,-0.001572,0.015244,0.016816,False,0.948500,10,3
german,primary_10v3_drn,kmeans_50,50,0.008147,-0.001821,0.014607,0.016428,False,0.946000,10,3
german,primary_10v3_drn,kmeans_100,100,0.008147,-0.001116,0.013382,0.014499,False,0.961000,10,3
german,primary_10v3_gnn,station,502,0.006165,-0.008949,0.014507,0.023456,False,0.788500,10,3
german,primary_10v3_gnn,primary_folds_7,7,0.006165,-0.009929,0.017376,0.027305,False,0.755000,10,3
german,primary_10v3_gnn,kmeans_20,20,0.006165,-0.009971,0.014754,0.024725,False,0.771500,10,3
german,primary_10v3_gnn,kmeans_50,50,0.006165,-0.008528,0.014071,0.022599,False,0.793000,10,3
german,primary_10v3_gnn,kmeans_100,100,0.006165,-0.009187,0.014568,0.023755,False,0.774000,10,3
german,matched_3v3_drn,station,502,0.011737,0.004045,0.019360,0.015315,True,0.998000,3,3
german,matched_3v3_drn,primary_folds_7,7,0.011737,0.001005,0.024195,0.023190,True,0.986500,3,3
german,matched_3v3_drn,kmeans_20,20,0.011737,0.001111,0.025111,0.024000,True,0.987500,3,3
german,matched_3v3_drn,kmeans_50,50,0.011737,0.001624,0.024080,0.022456,True,0.986000,3,3
german,matched_3v3_drn,kmeans_100,100,0.011737,0.002951,0.021680,0.018729,True,0.995500,3,3
german,matched_3v3_gnn,station,502,0.017535,0.003341,0.030724,0.027382,True,0.988500,3,3
german,matched_3v3_gnn,primary_folds_7,7,0.017535,-0.001071,0.038584,0.039656,False,0.968000,3,3
german,matched_3v3_gnn,kmeans_20,20,0.017535,0.002427,0.033006,0.030579,True,0.987000,3,3
german,matched_3v3_gnn,kmeans_50,50,0.017535,0.004056,0.032633,0.028577,True,0.990000,3,3
german,matched_3v3_gnn,kmeans_100,100,0.017535,0.003356,0.031105,0.027749,True,0.990500,3,3
