family,a,b,crps_a,crps_b,diff_a_minus_b,rel_diff_pct,dm_stat,dm_p,boot_lo,boot_hi,n_stations,frac_st_a_better_BH,frac_st_a_worse_BH,bh_reject_q05
primary,nn_hybrid,emos_gl,0.851996,1.00971,-0.157716,-15.6199,-18.4183,0,-0.173731,-0.140167,502,0.846614,0.0298805,True
primary,nn_hybrid,emos_bst_gl,0.851996,0.912544,-0.0605479,-6.63506,-11.5695,0,-0.069681,-0.0493132,502,0.663347,0.059761,True
primary,nn_hybrid,nn_unk,0.851996,0.864696,-0.0127004,-1.46877,-8.18496,2.22045e-16,-0.0156901,-0.00949376,502,0.404382,0.239044,True
primary,nn_hybrid,nn_knn,0.851996,0.880046,-0.0280497,-3.1873,-3.78968,0.000150841,-0.0436724,-0.0135302,502,0.434263,0.328685,True
primary,nn_hybrid,nn_noemb,0.851996,0.855128,-0.00313243,-0.366311,-3.46125,0.00053767,-0.0047975,-0.0012143,502,0.324701,0.187251,True
primary,nn_hybrid,nn_attr,0.851996,0.851994,1.51664e-06,0.00017801,0.00285782,0.99772,-0.00142415,0.00120655,502,0.256972,0.215139,False
secondary,nn_hybrid,raw_ensemble_gauss,0.851996,1.15187,-0.29987,-26.0334,-18.5499,0,-0.333947,-0.268663,502,0.940239,0.0139442,False
secondary,nn_hybrid,nn_hybrid_res,0.851996,0.850858,0.00113796,0.133743,1.47095,0.141304,-0.000331965,0.00266776,502,0.119522,0.151394,False
secondary,nn_hybrid,nn_hybrid_knn,0.851996,0.861837,-0.00984061,-1.14182,-9.47944,0,-0.0120912,-0.00795077,502,0.398406,0.318725,False
secondary,nn_noemb,emos_gl,0.855128,1.00971,-0.154584,-15.3097,-18.4097,0,-0.170458,-0.137502,502,0.822709,0.0219124,False
secondary,nn_noemb,emos_bst_gl,0.855128,0.912544,-0.0574154,-6.2918,-11.746,0,-0.0659919,-0.0470928,502,0.659363,0.0378486,False
secondary,nn_unk,nn_noemb,0.864696,0.855128,0.009568,1.1189,5.57269,2.50831e-08,0.00607195,0.013009,502,0.219124,0.328685,False
secondary,nn_knn,nn_unk,0.880046,0.864696,0.0153493,1.77511,2.19795,0.0279526,0.00177594,0.0301899,502,0.368526,0.436255,False
secondary,nn_attr,nn_noemb,0.851994,0.855128,-0.00313394,-0.366488,-3.7075,0.000209318,-0.00455522,-0.00128439,502,0.332669,0.183267,False
secondary,emos_bst_gl,emos_gl,0.912544,1.00971,-0.0971681,-9.62335,-12.136,0,-0.112823,-0.0814635,502,0.635458,0.0717131,False
