method,n_rows,n_seeds,crps_primary,crps_seen_stations_mean_over_folds,mae,rmse,coverage_80,coverage_90,width_80,pit_reliability_index,spread_skill,bias_mean_minus_obs,crps_single_seed_mean,crps_single_seed_sd,crpss_vs_raw_ensemble_gauss,crpss_vs_emos_gl
raw_ensemble_gauss,182218,0,1.15187,1.15164,1.44064,1.87715,0.39463,0.49115,1.87800,0.81075,0.42544,-0.04784,,,0.00000,-0.13703
emos_gl,182218,0,1.01305,1.00884,1.40127,1.85292,0.79829,0.88516,4.42501,0.10523,0.93762,0.17010,,,0.12052,0.00000
emos_bst_gl,182218,0,0.91578,0.91098,1.28177,1.70569,0.81702,0.90689,4.21818,0.07549,1.00093,0.12746,,,0.20496,0.09601
nn_unk,182218,3,0.89223,0.79154,1.24640,1.65335,0.75109,0.85580,3.53115,0.12133,0.86026,0.22632,0.90515,0.00732,0.22540,0.11926
nn_knn,182218,3,0.90704,0.79225,1.27319,1.67372,0.75455,0.86162,3.64126,0.18739,0.87609,-0.28699,0.92350,0.00697,0.21255,0.10464
nn_noemb,182218,3,0.87769,0.85030,1.23131,1.62906,0.77141,0.87329,3.66633,0.08936,0.91460,0.20355,0.88626,0.00113,0.23803,0.13362
nn_attr,182218,3,0.91265,0.84128,1.27932,1.69464,0.74855,0.85618,3.61785,0.10290,0.86601,0.17928,0.92732,0.00792,0.20768,0.09911
nn_hybrid,182218,3,0.89598,0.78887,1.25232,1.66198,0.74335,0.85048,3.48922,0.11942,0.84860,0.21057,0.91275,0.01751,0.22215,0.11556
nn_hybrid_res,182218,3,0.89766,0.78602,1.25361,1.67012,0.74545,0.85235,3.50494,0.11738,0.85192,0.20752,0.91236,0.00704,0.22069,0.11390
nn_hybrid_knn,182218,3,0.90666,0.78888,1.26508,1.67809,0.73498,0.84372,3.47427,0.13139,0.83755,0.21744,0.92298,0.01973,0.21288,0.10502
