station,raw_ensemble_gauss,emos_gl,emos_bst_gl,nn_unk,nn_knn,nn_noemb,nn_attr,nn_hybrid,nn_hybrid_res,nn_hybrid_knn,country,lat,lon,alt,fold,dist_nearest_train_km
11101,3.3797,2.7797,1.3070,1.3037,1.3340,1.2688,1.0336,1.0646,1.1535,1.0657,austria,47.4992,9.7461,424.0000,4,190.6512
11105,4.9234,4.1830,1.4853,1.5583,1.6126,2.4702,1.8184,1.8171,1.3572,1.8195,austria,47.2667,9.6000,439.0000,4,215.8415
11308,4.0205,3.1221,1.7147,2.5271,2.4438,2.8961,5.5308,3.7610,1.4978,3.7648,austria,47.2558,10.1861,1478.0000,4,222.5361
11312,4.7668,3.7572,1.6517,3.4060,3.3132,4.1495,8.2980,7.0149,1.5519,7.0207,austria,46.9681,10.1856,1587.0000,4,253.8518
106400,0.8222,0.8474,0.8389,0.8217,0.8191,0.8649,0.8104,0.8183,0.9213,0.8125,belgium,51.0881,2.6524,4.7000,0,185.3338
106407,1.3555,1.3159,1.0493,0.9161,0.9214,0.9136,0.9176,0.9057,0.8984,0.9111,belgium,51.2003,2.8873,3.5000,0,164.8077
106414,0.8917,0.9077,0.8426,0.8502,0.8235,1.1148,1.2237,1.0824,1.0115,1.0461,belgium,50.9040,3.1217,24.8000,0,166.8243
106418,1.0885,0.9290,0.9407,0.9924,1.0065,1.6733,1.5286,0.9577,0.8883,0.9654,belgium,51.3474,3.2018,12.1000,0,137.6090
106428,0.8443,0.8596,0.7899,0.7800,0.7552,0.8278,0.7947,0.8074,0.8614,0.7898,belgium,50.9406,3.6697,35.5000,0,129.9613
106432,0.8909,0.9333,0.9101,0.8227,0.8527,0.8991,1.0399,0.9323,0.8483,0.9090,belgium,50.5722,3.8314,60.5000,0,109.3765
106434,0.9705,0.9590,0.9329,0.8744,0.8685,1.0183,1.1255,1.0143,0.9629,0.9872,belgium,50.9803,3.8160,15.0000,0,121.2768
106447,0.9543,0.9068,0.8354,0.8435,0.7752,0.8378,0.7623,0.8165,0.8276,0.7985,belgium,50.7969,4.3579,100.6000,0,79.3087
106449,0.8815,0.8612,0.7951,0.7663,0.7163,0.7373,0.7154,0.7349,0.7269,0.7231,belgium,50.4544,4.4421,192.0000,0,64.6018
106450,1.0055,0.9517,0.9459,1.0387,1.0699,1.0524,0.9433,1.0159,1.0472,1.0296,belgium,51.1914,4.4518,14.0000,0,88.4156
106451,0.8403,0.8687,0.8075,0.7885,0.7698,0.8453,0.9436,0.9098,0.8370,0.8874,belgium,50.8964,4.5268,58.0000,0,71.2379
106455,1.0821,1.0002,1.0093,0.9295,0.9038,0.9743,1.2157,1.0850,0.9963,1.0850,belgium,50.0954,4.5946,234.8000,0,48.3274
106456,0.8228,0.8585,0.7783,0.7491,0.7428,0.8264,0.8845,0.8441,0.8316,0.8370,belgium,50.2346,4.6530,288.1000,0,43.0964
106458,0.9102,0.8858,0.8185,0.8025,0.7479,0.7769,0.7590,0.7637,0.7567,0.7549,belgium,50.7457,4.7633,121.3000,0,50.2410
106459,0.8946,0.8938,0.8734,0.8063,0.8278,0.8178,0.8188,0.8064,0.7965,0.8014,belgium,50.5819,4.6892,159.2000,0,54.7514
106464,1.0682,1.0444,1.0396,0.9118,0.9095,0.9255,0.9620,0.9263,0.9102,0.9354,belgium,51.2214,5.0272,21.5000,0,62.1789
106465,0.8153,0.8426,0.7754,0.7871,0.7575,0.8198,0.9297,0.8740,0.8267,0.8648,belgium,50.9970,5.0620,52.2000,0,48.0217
106472,0.8627,0.8480,0.7990,0.7802,0.7942,0.7773,0.7725,0.7729,0.7720,0.7762,belgium,50.1937,5.2552,295.3000,5,43.0964
106476,0.8707,0.9485,0.8300,0.7701,0.7665,0.9322,0.7785,0.7944,0.8703,0.7886,belgium,50.0389,5.4038,557.0000,5,57.7655
106477,1.2376,1.1789,1.1931,1.0437,1.0506,1.0480,1.0455,1.0280,1.0226,1.0278,belgium,50.9155,5.4503,39.3000,0,21.8794
106478,0.9770,0.9578,0.8988,0.8790,0.9411,0.7703,0.7875,0.7890,0.8082,0.7989,belgium,50.6453,5.4587,178.0000,5,30.0481
106479,0.9679,1.0151,0.9556,0.8789,0.8641,0.8752,0.8756,0.8811,0.8790,0.8724,belgium,51.1688,5.4627,55.2000,0,35.9456
106484,1.4072,1.3777,1.3551,1.3611,1.3165,1.4027,1.4393,1.4452,1.3958,1.4226,belgium,49.6204,5.5872,323.9000,5,88.6226
106490,0.9374,0.8681,0.8435,0.8446,0.9091,0.7471,0.8789,0.7956,0.7413,0.8096,belgium,50.4786,5.9099,482.0000,5,58.3714
106494,1.1077,1.2183,0.8476,1.0083,1.0160,0.9880,1.0327,1.0104,1.3589,1.0048,belgium,50.5108,6.0734,673.2000,5,62.8473
106496,1.6526,1.6952,1.6766,2.0723,1.9969,2.1149,1.8301,2.0502,1.9616,2.0254,belgium,50.4824,6.1813,565.1000,5,70.4971
106590,1.3213,1.1882,1.0714,1.0980,1.2614,0.9897,1.2543,0.9742,0.9545,0.9767,belgium,49.6327,6.2329,367.1200,5,128.2075
207015,0.9212,0.9154,0.8237,0.8675,0.8129,1.0218,0.9872,0.9758,1.0809,0.9369,france,50.5700,3.0975,47.0000,0,158.6084
207168,1.2688,1.1591,1.4544,1.4466,1.2358,1.1319,1.0419,0.9885,0.9849,0.9899,france,48.3247,4.0200,112.0000,1,145.8673
207181,0.9573,0.9012,0.8515,0.8035,0.8672,0.8208,0.9132,0.8100,0.8089,0.8109,france,48.5810,5.9598,336.0000,5,123.7069
207190,1.0992,0.9814,0.9581,0.8866,0.8969,0.8972,0.9599,0.8748,0.8696,0.8803,france,48.5495,7.6403,150.0000,4,83.4073
207280,1.0140,0.9426,1.2237,1.1615,0.9622,0.9726,1.0231,1.2774,1.0697,1.2613,france,47.2678,5.0883,219.0000,1,159.8035
207299,1.4973,1.2443,1.1479,1.0414,1.0163,1.7577,1.3714,1.3824,1.1740,1.3885,france,47.6143,7.5100,263.0000,4,157.4943
207460,1.7578,1.4037,1.0503,1.0459,0.9860,1.9324,3.0748,4.5016,2.9110,4.4111,france,45.7868,3.1493,331.0000,1,376.2990
300460,1.0413,1.0158,0.9008,0.7609,0.7497,0.8381,1.0196,0.8510,0.8144,0.8499,germany,49.2641,6.6868,363.0000,5,104.7039
300662,0.8791,0.8509,0.8111,0.8379,0.8768,0.8477,1.2289,0.9367,0.9288,0.9641,germany,52.2915,10.4464,81.4400,2,167.3889
300691,0.9691,0.9651,0.9064,0.9372,0.9958,1.0373,1.1766,1.1066,1.1321,1.1100,germany,53.0450,8.7979,4.2800,2,111.2261
300704,0.9537,0.9689,0.9157,0.9208,0.9281,0.9188,1.0034,0.9378,0.9054,0.9365,germany,53.4451,9.1390,10.5700,2,126.7528
300953,1.1325,1.0384,0.9636,0.9253,0.9366,0.8869,0.8776,0.8583,0.9019,0.8661,germany,49.7619,7.0542,480.5000,5,69.1778
300963,1.0356,1.0345,1.0596,0.9708,0.9472,0.9389,0.9238,0.9258,0.9310,0.9239,germany,52.5881,8.3424,37.7000,2,104.4133
301078,1.0827,1.0147,0.9655,0.9573,1.0230,0.9736,0.9844,1.0100,0.9833,1.0278,germany,51.2960,6.7686,36.6000,5,45.5750
301303,1.0148,0.9563,0.9815,0.9740,1.0357,0.8128,0.9084,0.8593,0.8283,0.8467,germany,51.4041,6.9677,150.0000,5,54.4163
301346,2.4979,2.3811,1.4770,1.1257,1.1456,1.3929,1.2244,1.2915,1.2722,1.2893,germany,47.8749,8.0038,1489.6000,4,162.7345
301420,1.2117,1.0546,1.0083,0.9905,1.0190,1.0069,1.1551,1.1020,1.0597,1.1200,germany,50.0259,8.5213,99.7000,6,90.2892
301443,1.6533,1.4042,1.2734,1.1815,1.1700,1.6079,1.3805,1.4199,1.2704,1.4404,germany,48.0232,7.8343,236.4600,4,142.6519
301468,0.9144,0.8904,0.8597,0.8642,0.8381,0.9081,1.0751,1.0719,0.8487,1.0755,germany,48.4538,8.4090,796.5400,4,104.6564
301580,1.3791,1.0785,0.8618,0.9613,0.9270,0.9144,0.9040,0.9906,0.8455,0.9578,germany,49.9859,7.9548,110.2000,6,49.5696
301639,0.9768,0.9007,0.9066,0.8376,0.8269,0.9052,1.1207,0.9312,0.9200,0.9160,germany,50.6017,8.6439,202.7000,6,65.2471
301691,1.2694,1.0957,1.2057,1.0423,0.9814,1.0314,1.0396,1.0232,1.0002,1.0282,germany,51.5002,9.9507,167.4200,2,73.5900
301766,1.0399,0.9775,0.9580,0.9574,0.9893,0.9892,1.0175,0.9972,0.9504,0.9848,germany,52.1344,7.6969,47.8000,2,57.0699
302014,0.9345,0.9100,0.8918,0.9381,1.0574,0.9291,1.3658,1.1040,1.1016,1.1535,germany,52.4644,9.6779,58.4600,2,179.3381
302171,1.1846,1.0084,1.0789,1.1095,1.0732,1.0921,1.2392,1.1773,1.2746,1.1517,germany,50.8520,9.7377,272.2000,6,72.3253
302483,1.0076,1.1670,0.8881,1.1457,1.1253,1.2628,1.3128,1.4264,1.0235,1.4590,germany,51.1803,8.4891,839.0000,2,59.4102
302559,1.3556,1.1236,1.0635,1.1745,1.1353,1.9452,1.9552,1.3967,1.3001,1.3982,germany,47.7233,10.3348,705.2000,4,175.6353
302597,1.1547,0.9341,0.8835,0.8246,0.8155,0.9034,0.9325,0.9194,0.8460,0.9173,germany,50.2240,10.0792,281.8000,6,131.0476
302601,1.8613,1.8978,1.1621,0.9039,0.9492,1.9045,1.4073,1.4333,1.1685,1.4398,germany,50.2218,8.4469,825.6000,6,89.7524
302638,1.1414,1.0870,1.0497,0.8993,0.8650,0.8204,0.8943,0.8971,0.8027,0.9054,germany,48.1054,8.7548,973.4600,4,134.6967
302667,1.1586,1.0138,0.9591,0.9368,0.9853,0.9519,0.9699,1.0209,0.9584,1.0149,germany,50.8646,7.1575,92.0000,5,60.7875
302712,1.3951,1.1171,0.7884,0.8991,0.9306,0.7468,0.7683,1.0065,0.8371,1.0025,germany,47.6952,9.1307,428.0600,4,170.5083
302812,1.1647,1.0416,0.9880,0.9528,0.9725,0.9648,1.0116,0.9484,0.9512,0.9555,germany,48.3647,7.8280,155.7400,4,108.0629
302925,0.9691,0.9042,0.8504,0.8565,0.9103,0.8345,0.9713,0.8513,0.9382,0.8538,germany,51.3933,10.3123,356.0000,2,72.3253
303028,1.2568,1.1028,1.0906,1.0952,1.1139,1.1174,1.1545,1.1420,1.0805,1.1491,germany,51.7854,8.8388,157.0000,2,102.2756
303098,0.9386,0.8967,0.8365,0.8367,0.8088,0.7847,0.7919,0.7826,0.7804,0.7875,germany,51.2452,7.6425,386.7000,5,59.4102
303167,0.9632,0.9971,0.9349,0.7365,0.7611,0.7212,0.6814,0.6917,0.6859,0.6935,germany,50.6621,7.9603,546.6000,6,60.7875
303231,1.0929,0.9303,0.8443,0.8153,0.7974,0.7900,0.7839,0.7880,0.7893,0.7875,germany,50.5611,10.3771,450.0000,6,92.6476
303287,0.9494,0.9595,0.9264,0.7690,0.7823,0.7786,0.7644,0.7672,0.7578,0.7673,germany,49.7177,9.0997,453.0000,6,99.1863
303660,1.0537,0.9373,0.8474,0.8838,0.8633,0.8388,0.8723,0.8300,0.8861,0.8363,germany,50.3602,6.8697,485.0000,5,84.1071
303730,2.5516,2.0010,1.2461,1.9565,1.8969,3.8265,4.0717,3.6021,1.7973,3.6077,germany,47.3984,10.2759,805.7600,4,208.7792
303761,1.2489,0.9992,0.8456,0.8403,0.8126,0.8763,0.9201,0.9219,0.9252,0.9232,germany,49.2070,9.5176,275.9400,6,48.0781
304336,0.8920,0.8915,0.8500,0.8136,0.7906,0.8137,0.8410,0.8903,0.8057,0.8913,germany,49.2128,7.1077,320.0000,5,75.6986
304371,0.9447,0.8662,0.8173,0.8022,0.8019,0.8809,0.8377,0.9081,0.8175,0.9078,germany,52.1042,8.7521,134.6000,2,122.3796
304745,0.9851,1.0139,0.9494,0.8633,0.8665,0.8705,0.9471,0.8751,0.8659,0.8753,germany,52.9604,9.7930,75.3700,2,177.3889
304887,1.1474,1.0984,1.0238,0.8171,0.8055,0.8094,0.8658,0.8940,0.7906,0.9008,germany,48.6656,9.8648,733.7600,4,65.3245
304928,1.7131,1.4121,0.9570,0.9009,0.9437,0.7958,0.8295,0.8431,0.8768,0.8488,germany,48.8281,9.2000,314.2800,4,48.0781
304931,1.0736,0.9600,0.8745,0.8648,0.8447,0.9644,0.8785,0.9557,0.8996,0.9480,germany,48.6883,9.2235,371.0000,4,61.5457
305029,1.2427,1.0894,0.9634,0.9910,1.0853,0.9253,1.1170,0.9113,0.8940,0.9049,germany,49.4737,7.0385,385.9000,5,79.0600
305100,1.2580,0.9985,0.8189,0.8602,0.8851,0.8853,0.9014,0.8570,0.8275,0.8338,germany,49.7479,6.6583,265.0000,5,96.6169
305371,1.4219,1.5089,0.9893,1.6526,1.8259,1.6262,1.1479,1.0726,0.9688,1.0514,germany,50.4973,9.9427,921.0000,6,102.9402
305426,1.2657,1.2791,1.1339,0.8783,0.8825,0.8155,0.8106,0.8433,0.7981,0.8484,germany,49.3758,8.1212,553.0000,6,75.6986
305705,1.0153,0.9252,0.8188,0.8120,0.8036,0.8782,1.0229,0.8900,0.8588,0.8844,germany,49.7704,9.9576,268.0000,6,118.3049
305839,0.8894,0.9757,0.8630,0.8616,0.8410,0.8432,0.8490,0.8611,0.8341,0.8561,germany,53.3881,7.2287,-0.2700,3,111.2261
305871,0.9296,0.9794,0.8861,0.8006,0.8459,0.7536,0.8834,0.7646,0.7539,0.7645,germany,49.9463,7.2645,497.0000,5,49.5696
305906,1.2180,1.0348,1.0586,0.9923,0.9759,1.0061,1.1705,1.0799,1.0534,1.0744,germany,49.5062,8.5585,98.0000,6,88.6597
400235,1.1583,1.1954,0.9386,0.9137,1.0224,1.1201,0.9165,1.2688,1.2153,1.3022,netherlands,52.9280,4.7810,1.2000,3,109.7734
400240,0.8591,0.8758,0.8203,0.8052,0.8264,0.8363,0.8125,0.8294,0.8279,0.8371,netherlands,52.3180,4.7900,-3.3000,3,45.9882
400242,1.1942,1.2156,0.8557,0.7361,0.7517,0.7432,0.7257,0.7867,0.7973,0.7991,netherlands,53.2410,4.9210,10.8000,3,145.7756
400251,1.5817,1.5660,1.0329,0.9821,0.9813,1.0471,1.0445,1.0381,0.9626,1.0450,netherlands,53.3920,5.3460,0.7000,3,170.1647
400260,1.0207,1.0195,0.9850,0.9838,0.9085,1.0096,1.1079,1.1390,1.0086,1.1251,netherlands,52.1000,5.1800,1.9000,3,52.4403
400267,0.9926,1.0951,0.8797,0.8252,0.7969,0.8652,0.9488,0.9855,0.8168,0.9704,netherlands,52.8980,5.3840,-1.3000,3,121.9323
400269,1.0503,1.0980,0.9207,0.8384,0.8576,0.8808,0.8379,0.8742,0.8554,0.8837,netherlands,52.4580,5.5200,-3.7000,3,91.5790
400270,0.9873,1.0665,0.8933,0.9220,0.9020,0.8937,0.9042,0.9036,0.8990,0.9061,netherlands,53.2240,5.7520,1.2000,3,165.7113
400273,0.8435,0.8539,0.8152,0.8413,0.8135,0.8843,0.9315,0.9106,0.8126,0.9180,netherlands,52.7030,5.8880,-3.3000,3,127.9651
400275,1.0412,1.1103,1.0141,0.9918,0.9355,0.9565,0.9705,0.9472,0.9448,0.9455,netherlands,52.0560,5.8730,48.2000,3,75.4404
400277,0.9177,0.9933,0.8500,0.8887,0.8639,1.7026,1.1070,1.3675,1.3329,1.3739,netherlands,53.4130,6.2000,2.9000,3,170.1857
400278,1.0011,1.0314,1.0004,0.9603,0.9561,0.9750,1.0818,1.0649,0.9769,1.0926,netherlands,52.4350,6.2590,3.6000,3,103.3606
400279,0.9672,1.0241,0.9367,0.9035,0.9045,0.9181,0.9900,1.0188,0.9441,1.0318,netherlands,52.7500,6.5740,15.8000,3,102.3618
400280,1.0568,1.1380,0.9978,0.9838,0.9409,0.9360,0.9582,0.9196,0.9349,0.9180,netherlands,53.1250,6.5850,5.2000,3,132.2319
400283,1.0534,1.0780,1.0676,0.9874,0.9884,1.0007,1.1287,1.0589,1.0337,1.0767,netherlands,52.0690,6.6570,29.1000,3,71.3988
400286,0.9236,0.9923,0.9065,0.9326,0.8992,0.9180,0.9165,0.9229,0.8805,0.9154,netherlands,53.1960,7.1500,-0.2000,3,104.7261
400290,1.0875,1.1165,1.0813,0.9760,0.9597,0.9446,0.9672,0.9387,0.9354,0.9394,netherlands,52.2740,6.8910,34.8000,3,57.0699
400310,0.7821,0.7862,0.7749,0.7917,0.7992,1.1906,1.1113,0.7951,0.8357,0.7987,netherlands,51.4420,3.5960,8.0000,0,108.8369
400319,0.9254,0.9061,0.9000,0.8692,0.8794,1.0362,1.1543,1.0490,1.0171,1.0534,netherlands,51.2260,3.8610,1.7000,0,110.7014
400323,0.9416,0.8354,0.8905,0.9344,0.9722,1.1301,1.1733,1.0845,1.1361,1.0949,netherlands,51.5270,3.8840,1.4000,0,87.0171
400330,0.9950,1.0080,0.8434,0.7083,0.7202,0.7510,0.8280,0.8312,0.7262,0.8227,netherlands,51.9920,4.1220,11.9000,0,55.1180
400340,1.1483,1.1254,1.1192,1.0325,1.0259,1.0347,1.0835,1.0474,1.0237,1.0448,netherlands,51.4490,4.3420,19.2000,0,70.5355
400344,0.9200,0.9116,0.8938,0.8392,0.8408,0.8371,0.8603,0.8576,0.8355,0.8634,netherlands,51.9620,4.4470,-4.3000,0,32.8285
400348,0.8658,0.9019,0.8503,0.9068,0.8560,0.9716,1.0217,1.0258,0.9226,1.0200,netherlands,51.9700,4.9260,-0.7000,3,32.8285
400350,0.9334,0.9600,0.9279,0.8685,0.8886,0.8729,0.8577,0.8650,0.8582,0.8641,netherlands,51.5660,4.9360,14.9000,0,35.6482
400356,1.0019,1.0597,1.0030,1.0543,0.9591,1.1212,1.1916,1.2143,1.1166,1.2150,netherlands,51.8590,5.1460,0.7000,3,35.6482
400370,0.9898,1.0088,0.9676,0.8969,0.9252,0.9083,0.9061,0.9023,0.8976,0.9129,netherlands,51.4510,5.3770,22.6000,0,32.4878
400375,0.9766,1.0409,0.9818,0.9721,0.8982,0.9257,0.9196,0.9179,0.9022,0.9036,netherlands,51.6590,5.7070,22.0000,3,32.4878
400380,0.8189,0.8729,0.8032,0.7697,0.8328,0.7669,0.7625,0.7641,0.7604,0.7718,netherlands,50.9060,5.7620,114.3000,5,21.8794
400391,1.0198,1.0311,1.0177,0.9633,0.9144,0.9144,0.9197,0.9219,0.9074,0.9131,netherlands,51.4980,6.1970,19.5000,3,45.5750
