station,raw_ensemble_gauss,emos_gl,emos_loc,nn_aux_emb_ens3,residual_spread_ens3,abl_no_residual_ens3,abl_free_spread_ens3,abl_no_embedding_ens3,lat,lon,unseen,n
2,1.0327,0.9402,0.8511,0.7608,0.7604,0.7558,0.7677,0.8690,52.4853,7.9126,False,366
3,1.2453,1.0459,1.0256,0.8335,0.8375,0.8354,0.8363,0.8976,50.7446,9.3450,False,366
4,0.7102,0.7019,0.5820,0.5534,0.5575,0.5621,0.5644,0.6987,53.8617,8.1266,False,366
5,0.8929,0.8438,0.7874,0.7555,0.7900,0.7659,0.7839,0.7923,51.0881,12.9326,False,366
6,0.8633,0.8052,0.7796,0.6988,0.6901,0.6890,0.6889,0.7176,48.4060,11.3117,False,366
7,0.9976,0.8531,0.8215,0.7322,0.7334,0.7310,0.7250,0.7297,49.7273,8.1164,False,366
8,1.3152,1.1224,1.0904,0.8695,0.8807,0.8707,0.8709,0.9187,49.4691,11.8546,False,366
9,1.2679,1.1214,1.1229,0.9923,0.9853,0.9949,0.9926,1.1604,48.0197,12.2924,False,366
10,0.9369,0.8632,0.8325,0.7079,0.7565,0.7209,0.7506,0.7112,53.0316,13.9907,False,365
11,0.8651,0.8079,0.7546,0.6950,0.7115,0.6989,0.7178,0.7164,53.8412,13.6846,False,366
13,0.8619,0.8026,0.6053,0.5428,0.5360,0.5527,0.5561,0.5646,54.6792,13.4343,False,362
14,1.4966,1.2646,1.1469,0.9087,0.9101,0.9129,0.9220,1.1373,49.9695,9.9113,False,366
15,0.9214,0.8348,0.7696,0.7473,0.7277,0.7315,0.7323,0.8054,51.3745,11.2920,False,366
16,1.3670,1.0597,0.9154,0.7656,0.7701,0.7555,0.7668,0.7982,47.8774,11.3642,False,366
17,1.3685,1.0504,0.9637,0.8329,0.8399,0.8492,0.8389,0.8217,50.5907,12.7140,False,366
18,1.2421,1.0640,1.0119,0.8662,0.8544,0.8597,0.8582,0.9508,48.4254,10.9420,False,364
19,1.3186,1.0931,1.1103,0.9431,0.9514,0.9469,0.9563,1.0215,48.7270,8.2458,False,365
20,1.5717,1.2700,1.2252,0.9758,0.9879,0.9565,0.9808,1.0938,47.8064,7.6387,False,366
21,1.6471,1.3628,1.2847,0.9926,0.9976,0.9973,1.0022,1.1806,49.8742,10.9206,False,366
22,1.0254,0.8899,0.8266,0.7351,0.7582,0.7422,0.7626,0.8301,52.3199,9.4300,False,366
23,1.6559,1.4420,1.2067,0.9514,0.9196,0.9813,0.9142,1.1753,54.3406,12.7108,False,366
24,1.6685,1.4852,1.2551,0.9853,1.0220,0.9803,1.0295,1.2112,52.0614,13.4996,False,366
25,1.2858,1.0438,0.9161,0.7921,0.7743,0.7879,0.7793,0.9273,51.1604,14.5042,False,365
26,1.6019,1.3015,1.2343,0.8868,0.9238,0.8958,0.9055,1.0477,49.9667,11.5197,False,366
28,0.8708,0.8510,0.8358,0.7545,0.7531,0.7619,0.7542,0.7491,49.5617,8.9673,False,261
30,1.2081,1.0879,0.9681,0.8327,0.8460,0.8371,0.8507,0.9455,52.8152,9.9248,False,363
31,1.4086,1.2058,0.9263,0.7896,0.7682,0.8048,0.7797,0.9651,49.1070,7.9967,False,366
32,0.7348,0.7712,0.7326,0.6116,0.6079,0.6080,0.6047,0.6391,50.9837,8.3683,False,366
34,1.0429,0.9001,0.8827,0.7630,0.7638,0.7685,0.7709,0.7560,52.6309,13.5022,False,366
35,0.9606,0.8554,0.8301,0.7825,0.7777,0.7850,0.7872,0.7767,52.4537,13.3017,False,366
36,1.7375,1.5256,1.2064,0.9828,0.9700,0.9912,0.9778,1.2554,52.4040,13.7309,False,365
37,0.8732,0.8342,0.8031,0.7737,0.7735,0.7805,0.7914,0.7913,52.3807,13.5306,False,366
38,0.9943,0.9052,0.8766,0.8231,0.8211,0.8236,0.8391,0.9479,52.5644,13.3088,False,366
39,0.8878,0.8107,0.7413,0.7246,0.7128,0.7281,0.7302,0.9063,52.4675,13.4021,False,366
40,0.8565,0.7949,0.7742,0.7115,0.7092,0.7065,0.7166,0.7292,51.8218,11.7109,False,366
42,0.9845,0.9091,0.8270,0.7128,0.7250,0.7255,0.7278,0.8035,49.2640,6.6868,False,360
43,0.8941,0.8490,0.8233,0.7755,0.7712,0.7790,0.7695,0.7776,50.0372,7.3079,False,366
44,0.7413,0.7209,0.6904,0.6265,0.6352,0.6203,0.6339,0.6468,53.3911,10.6878,False,366
45,0.8457,0.7561,0.7426,0.6946,0.7199,0.6940,0.7361,0.7081,54.0028,11.1908,False,362
46,1.2501,1.0036,0.7857,0.7199,0.7159,0.7128,0.7103,0.7616,50.7349,7.1931,False,366
47,0.8864,0.8228,0.8150,0.7476,0.7529,0.7359,0.7474,0.7748,51.8728,6.8862,False,366
48,1.3348,1.2396,0.7002,0.6506,0.6663,0.6505,0.6646,0.7136,51.7234,10.6021,False,366
49,0.9486,0.8093,0.7737,0.7100,0.7084,0.7118,0.7094,0.7480,52.2914,10.4465,False,366
50,0.8763,0.8354,0.8133,0.7462,0.7573,0.7444,0.7639,0.7776,53.0450,8.7979,False,366
51,0.8378,0.7955,0.6774,0.6404,0.6379,0.6447,0.6676,0.8251,53.5332,8.5761,False,358
52,0.9009,0.8371,0.8093,0.7103,0.7120,0.7049,0.7148,0.7441,53.4451,9.1390,False,364
53,3.7098,3.3748,1.2317,0.8154,0.8011,0.8129,0.8196,0.8653,51.7986,10.6183,False,366
54,1.4834,1.3011,1.1297,0.8846,0.8718,0.8820,0.8773,1.1405,49.5182,9.3213,False,366
55,1.6547,1.2659,0.9867,0.8560,0.8695,0.8632,0.8598,0.8842,47.9625,7.9983,False,366
56,0.8074,0.8418,0.7704,0.6863,0.6604,0.6878,0.6654,0.7548,50.1746,7.0595,False,353
57,1.0429,0.9104,0.8445,0.7728,0.7790,0.7754,0.7767,0.8104,52.2817,9.0889,False,366
58,1.1731,1.0075,1.0144,0.8800,0.8797,0.8871,0.8797,0.9206,51.0306,8.8146,False,366
59,1.2208,1.2274,0.8442,0.7188,0.7248,0.7204,0.7290,0.8072,50.4313,12.6114,False,366
60,0.9962,0.9472,0.9430,0.8520,0.8900,0.8509,0.9104,0.8832,52.5959,10.0296,False,364
61,1.0459,0.8734,0.7968,0.6427,0.6402,0.6676,0.6452,0.8389,50.7913,12.8720,False,366
62,1.6326,1.2469,1.0586,0.9133,0.9650,0.9378,0.9580,0.9261,47.8843,12.5404,False,355
63,1.0389,0.8245,0.7838,0.7320,0.7446,0.7340,0.7398,0.7705,50.3067,10.9680,False,366
64,1.1728,1.0749,1.0343,0.9195,0.9270,0.9197,0.9318,0.9170,51.7760,14.3168,False,366
65,0.7145,0.6867,0.5927,0.5395,0.5587,0.5585,0.5602,0.6128,53.8713,8.7058,False,366
66,1.2796,1.1018,1.1081,0.9393,0.9496,0.9351,0.9459,0.9714,51.0778,10.8619,False,366
67,1.3838,1.1501,1.1124,0.9236,0.9303,0.9267,0.9317,1.1087,49.8809,8.6779,False,366
68,0.9225,0.8628,0.8367,0.6773,0.6754,0.6798,0.6743,0.7451,49.7619,7.0541,False,360
69,0.4337,0.5292,0.4129,0.5438,0.5092,0.5450,0.5105,0.5572,54.1796,7.4587,False,347
70,0.9659,0.9235,0.8851,0.8326,0.8438,0.8260,0.8499,0.8874,52.5881,8.3424,False,366
71,1.1493,0.9763,0.9495,0.8549,0.8511,0.8534,0.8519,0.9403,50.7364,8.2672,False,366
72,1.0986,0.9325,0.9271,0.8294,0.8149,0.8297,0.8226,0.8476,48.5562,10.5599,False,364
73,1.6445,1.4314,1.2318,0.9976,1.0337,0.9933,1.0334,1.3251,50.9117,13.7087,False,365
74,1.2461,1.1204,1.0011,0.8684,0.8896,0.8615,0.8909,0.9655,51.6451,13.5747,False,364
75,0.9291,0.8167,0.7405,0.6920,0.7149,0.7008,0.7040,0.7332,51.1280,13.7543,False,366
76,1.3187,1.0498,0.9524,0.8644,0.8848,0.8710,0.8905,0.8431,51.0221,13.8470,False,365
77,1.1473,1.0496,0.9242,0.7876,0.8264,0.7871,0.8289,0.8509,52.2174,12.1641,False,365
78,1.3946,1.1504,1.0157,0.8879,0.8989,0.8974,0.8932,0.8880,49.4719,8.1929,False,366
79,0.9823,0.8490,0.8205,0.7613,0.7686,0.7663,0.7690,0.7749,51.2960,6.7686,False,366
80,0.9868,0.8938,0.8949,0.7414,0.6886,0.7254,0.6914,0.7812,48.1002,11.9872,False,329
81,1.5869,1.3923,1.0546,0.8248,0.8124,0.8301,0.8154,1.1908,49.8520,10.4990,False,366
82,1.5625,1.3176,1.1908,0.9177,0.9043,0.9203,0.8998,1.1213,48.8777,11.2349,False,366
83,1.0998,0.9803,0.9655,0.7743,0.7738,0.7670,0.7776,0.8457,48.9895,10.1312,False,366
84,0.7835,0.7682,0.7265,0.7106,0.7172,0.7120,0.7189,0.7256,54.0691,9.0105,False,366
85,0.9633,0.9000,0.8671,0.8076,0.8275,0.8135,0.8325,0.8609,50.2705,12.2742,False,366
86,1.4643,1.1477,1.0564,0.9151,0.9048,0.9166,0.9119,0.9115,48.2012,8.1089,False,366
87,1.7540,1.3696,1.2011,0.9369,0.9299,0.9394,0.9175,0.9381,48.1378,7.8351,False,366
89,0.9761,0.8546,0.8532,0.7624,0.7624,0.7571,0.7749,0.8143,49.1664,8.8523,False,366
90,1.4189,1.1924,1.2024,1.0501,1.0686,1.0465,1.0611,1.0882,48.3477,11.8133,False,366
91,0.7448,0.7079,0.6677,0.6414,0.6393,0.6346,0.6405,0.6397,54.2992,9.3162,False,365
92,0.8697,0.8674,0.8334,0.7798,0.7495,0.7785,0.7662,0.8338,50.9829,10.9608,False,366
93,1.0527,0.9348,0.9314,0.8131,0.8102,0.8145,0.8180,0.8307,49.6497,11.0074,False,366
94,1.2186,0.9746,0.9460,0.8052,0.7951,0.7996,0.7945,0.8154,51.2041,10.0138,False,366
95,1.3660,1.1824,1.0563,0.8933,0.8982,0.8842,0.8930,1.1853,51.2540,8.1565,False,361
96,0.8857,0.7847,0.6949,0.5858,0.5882,0.5874,0.5830,0.7081,51.4041,6.9677,False,366
97,1.2166,0.9701,0.8503,0.7353,0.7439,0.7320,0.7321,0.7438,50.7119,6.7905,False,366
98,0.8376,0.7938,0.7741,0.7127,0.7154,0.7027,0.7064,0.7336,48.4832,12.7241,False,366
99,2.8489,2.5544,1.6271,0.9058,0.8907,0.9021,0.8894,0.9565,47.8749,8.0038,False,366
100,1.1166,1.0800,0.8231,0.6933,0.7035,0.6964,0.7056,0.8371,49.9807,11.8376,False,361
101,2.0060,1.9281,1.1053,0.7114,0.7194,0.7194,0.7260,0.7530,50.4283,12.9535,False,366
102,1.0315,1.0279,0.8754,0.6744,0.6681,0.6748,0.6735,0.7123,50.5309,10.0480,False,366
103,1.1043,0.9514,0.9253,0.8822,0.8687,0.8895,0.8823,0.8716,50.0259,8.5213,False,366
104,2.1313,1.7056,1.3429,1.0802,1.1015,1.0897,1.0894,1.0603,48.0233,7.8344,False,366
105,0.7158,0.6945,0.6565,0.6290,0.6312,0.6282,0.6341,0.6452,53.8277,9.2493,False,366
106,0.8790,0.8517,0.8185,0.6907,0.6887,0.6876,0.6864,0.7068,48.4537,8.4091,False,366
107,1.1323,0.9816,0.9687,0.8178,0.8269,0.8206,0.8254,0.8277,49.1780,11.3735,False,366
108,1.0154,0.8599,0.8512,0.7764,0.7652,0.7751,0.7762,0.7870,51.1190,9.2799,False,365
110,1.3995,1.2664,1.1594,0.9544,0.9652,0.9581,0.9728,1.0864,52.5129,11.3941,False,362
111,3.1422,2.2661,1.0741,0.8818,0.9636,0.8700,0.9569,0.8972,47.4831,11.0623,False,366
112,1.4438,1.1553,0.8361,0.7675,0.7626,0.7786,0.7647,0.8261,49.9859,7.9549,False,365
113,0.7568,0.7587,0.7182,0.6431,0.6254,0.6331,0.6301,0.7062,48.9481,11.4289,False,366
114,0.7569,0.7123,0.6851,0.6334,0.6474,0.6361,0.6456,0.6609,51.4942,6.2463,False,366
115,1.3535,1.0951,0.9343,0.7617,0.7711,0.7671,0.7701,0.7706,48.4329,7.9931,False,366
116,1.4830,1.3179,1.1354,0.9181,0.9498,0.9125,0.9594,1.0963,52.3875,12.1601,False,366
117,0.7430,0.7392,0.7037,0.6570,0.6582,0.6544,0.6670,0.6963,50.8813,12.1289,False,366
118,0.9766,0.8393,0.8059,0.7532,0.7559,0.7636,0.7567,0.7687,50.6017,8.6439,False,366
119,1.3814,1.2481,1.0843,0.9561,0.9407,0.9638,0.9494,1.2140,50.9656,9.0500,False,366
120,0.7231,0.6485,0.5860,0.6299,0.6266,0.6306,0.6218,0.6702,54.8273,9.5057,False,366
121,0.8810,0.7907,0.7788,0.7638,0.7906,0.7658,0.7844,0.7832,51.1622,14.9506,False,366
122,1.1247,0.9190,0.9161,0.7735,0.7632,0.7707,0.7619,0.7869,51.5003,9.9506,False,366
123,0.8168,0.7539,0.7281,0.6809,0.6986,0.6797,0.6978,0.6778,53.6060,12.1033,False,366
124,0.7413,0.7494,0.7124,0.6667,0.6662,0.6666,0.6676,0.7201,49.6640,11.2239,False,366
125,1.0776,0.9122,0.8972,0.8703,0.8858,0.8689,0.8800,0.8803,48.7893,13.6291,False,366
126,1.0296,0.9425,0.8964,0.7808,0.7782,0.7784,0.7834,0.8377,53.5731,10.6797,False,366
127,0.9418,0.8740,0.8394,0.7558,0.7790,0.7537,0.7737,0.7670,54.0967,13.4056,False,366
128,0.5869,0.6273,0.5024,0.6329,0.6162,0.6429,0.6231,0.9081,54.2437,13.9102,False,366
129,0.9650,0.8918,0.8760,0.8269,0.8281,0.8270,0.8305,0.8203,52.1344,7.6969,False,366
130,0.9927,0.8922,0.8522,0.7917,0.7890,0.7940,0.7931,0.7959,54.0714,12.3238,False,342
131,2.6711,2.4566,1.3577,0.8230,0.8143,0.8149,0.8187,0.8676,49.1130,13.1342,False,366
132,0.8212,0.8097,0.7727,0.7132,0.7539,0.7172,0.7532,0.7450,53.3153,13.9338,False,366
134,0.8732,0.7788,0.7591,0.7202,0.7099,0.7133,0.7123,0.7574,49.9445,6.3821,False,366
135,0.8863,0.8300,0.8354,0.7385,0.7479,0.7403,0.7634,0.7351,53.6332,9.9881,False,366
136,0.9066,0.8412,0.8274,0.7528,0.7426,0.7462,0.7583,0.7491,53.4777,9.8957,False,366
137,0.9645,0.8640,0.8710,0.7668,0.7781,0.7735,0.7833,0.7495,52.4644,9.6779,False,366
138,0.9041,0.8218,0.7392,0.6710,0.6655,0.6647,0.6685,0.8069,48.7918,10.7062,False,366
139,1.5235,1.2172,1.0757,0.9470,0.9745,0.9487,0.9770,1.0645,51.9002,10.5699,False,366
140,1.3793,1.2933,0.9420,0.8010,0.8006,0.8085,0.8036,0.9453,51.6520,11.1367,False,366
141,1.0341,0.9183,0.9210,0.7981,0.7973,0.8026,0.8024,0.8013,48.3751,8.9801,False,366
143,0.8478,0.7625,0.7409,0.6846,0.6820,0.6878,0.6789,0.7426,51.0411,6.1042,False,366
144,0.4306,0.5300,0.4022,0.4984,0.4916,0.5052,0.4939,0.5371,54.1750,7.8920,False,366
146,1.0425,0.8716,0.8622,0.7650,0.7621,0.7680,0.7606,0.7612,50.8519,9.7378,False,366
147,0.7286,0.7106,0.6509,0.6324,0.6507,0.6304,0.6482,0.6685,54.5750,13.1044,False,366
148,0.8486,0.7759,0.7552,0.7177,0.7236,0.7241,0.7199,0.7256,50.7371,7.6528,False,366
149,1.3715,1.1605,1.1415,0.9540,0.9559,0.9440,0.9570,1.0886,50.8990,14.7457,False,365
150,0.7258,0.7418,0.6868,0.6980,0.7132,0.6922,0.7132,0.7178,50.3122,11.8761,False,366
151,2.3103,1.9356,1.6768,0.9380,0.9146,0.9357,0.9423,1.3832,47.8009,11.0108,False,366
152,0.9478,0.8785,0.8430,0.7696,0.7714,0.7674,0.7731,0.8159,54.3146,9.5390,False,365
153,0.9709,0.8511,0.7590,0.6532,0.6588,0.6605,0.6519,0.7300,54.3194,10.6732,False,360
154,1.4462,1.2825,1.0900,0.9020,0.9272,0.8943,0.9328,1.0493,51.7657,13.1666,False,366
155,0.9986,0.8494,0.8232,0.7195,0.7475,0.7094,0.7474,0.7428,47.8823,11.6962,False,366
156,1.1325,0.9434,0.9301,0.8507,0.8383,0.8376,0.8337,0.8395,51.8529,9.4953,False,366
157,0.7901,0.7804,0.7371,0.6570,0.6522,0.6616,0.6480,0.6963,50.5651,7.4843,False,366
158,1.0584,0.9312,0.8978,0.7641,0.7667,0.7659,0.7621,0.8840,49.6927,7.3264,False,366
159,0.8384,0.8058,0.7942,0.7124,0.7083,0.7201,0.7139,0.7056,53.9897,9.5696,False,364
160,0.8438,0.8133,0.7804,0.7509,0.7453,0.7494,0.7444,0.7538,54.4570,9.5203,False,355
161,1.0738,0.9097,0.8110,0.7344,0.7201,0.7293,0.7210,0.7523,50.9251,11.5830,False,366
162,1.1823,0.9831,0.9590,0.8491,0.8481,0.8557,0.8568,0.8537,50.0643,8.9930,False,366
163,1.4805,1.4159,0.8398,0.6414,0.6382,0.6421,0.6409,0.6742,51.1803,8.4891,False,366
164,1.0883,0.9433,0.9447,0.8094,0.8107,0.8178,0.8067,0.8538,49.4262,7.7557,False,366
166,0.7523,0.6938,0.7099,0.6582,0.6736,0.6577,0.6647,0.6838,50.5014,6.5264,False,366
169,1.5731,1.0796,1.0052,0.9248,0.9209,0.9227,0.9289,0.9748,47.8652,10.6007,False,92
170,1.7232,1.2594,0.9311,0.8875,0.8780,0.8876,0.8822,0.9065,47.7233,10.3348,False,363
171,0.8806,0.7852,0.7792,0.7012,0.7184,0.7110,0.7231,0.6920,54.3761,10.1433,False,366
172,0.8546,0.7852,0.7435,0.5995,0.6003,0.5911,0.6064,0.6077,53.9995,11.4341,False,366
173,0.9350,0.8193,0.8155,0.7066,0.7139,0.7120,0.7083,0.7176,50.2241,10.0792,False,366
174,1.2896,1.0747,1.0498,0.8668,0.8798,0.8680,0.8851,0.8697,49.7363,10.1781,False,366
175,2.3362,2.1243,1.1994,0.7981,0.7889,0.8015,0.8071,0.9139,50.2218,8.4469,False,366
176,1.4000,1.3503,0.9110,0.7086,0.6924,0.6996,0.7059,0.7643,50.8458,10.4803,False,366
177,1.5405,1.3847,1.1711,0.9886,1.0087,0.9854,1.0197,1.2037,51.5555,13.8845,False,365
178,0.8129,0.7629,0.7313,0.7051,0.7159,0.7205,0.7217,0.8041,51.7612,6.0954,False,366
179,1.1269,1.0318,1.0201,0.7253,0.7379,0.7246,0.7381,0.8754,48.1054,8.7549,False,366
180,1.2646,1.1301,0.9853,0.8571,0.8744,0.8510,0.8722,0.9647,51.5185,12.9065,False,366
181,1.1771,0.9713,0.8651,0.7941,0.7930,0.7900,0.7950,0.7844,50.8646,7.1575,False,366
182,1.5097,1.2620,1.2123,0.9258,0.9278,0.9299,0.9248,1.0442,50.2840,10.4456,False,366
183,0.8841,0.7881,0.7650,0.7166,0.7208,0.7167,0.7248,0.8037,48.8302,11.4872,False,366
184,0.9053,0.8275,0.8015,0.7325,0.7427,0.7308,0.7419,0.7417,51.7511,12.0094,False,366
185,2.0856,1.5142,1.0578,0.9688,0.9957,0.9690,0.9969,1.0307,47.6652,11.0804,False,363
186,2.0645,1.5058,0.7556,0.6574,0.6623,0.6573,0.6633,0.8806,47.6774,9.1901,False,366
187,1.5668,1.2464,1.1877,0.8882,0.8905,0.8932,0.8856,1.0495,50.2523,11.3209,False,365
188,0.9743,0.8954,0.8674,0.7544,0.7617,0.7601,0.7624,0.7777,49.4283,11.9016,False,365
189,1.1121,1.0024,0.9313,0.8232,0.8544,0.8253,0.8578,0.8755,52.9363,12.4093,False,366
190,0.8337,0.7544,0.7316,0.6912,0.6974,0.6956,0.6977,0.6990,53.9156,12.2790,False,365
191,1.6078,1.2811,1.0750,0.9004,0.9179,0.9094,0.9084,0.8829,48.3647,7.8280,False,366
192,1.4958,1.3946,1.1385,0.9774,0.9606,0.9702,0.9656,1.2046,48.5121,9.7645,False,366
193,0.8641,0.8387,0.8721,0.7607,0.7233,0.7480,0.7302,0.7656,48.0772,10.9144,False,366
194,1.3059,1.1988,0.9550,0.8648,0.9006,0.8680,0.9081,1.0007,51.9173,13.0878,False,364
195,0.9369,0.8136,0.7690,0.7514,0.7307,0.7491,0.7347,0.7348,48.2176,9.9097,False,365
196,1.0155,0.9351,0.9299,0.8697,0.8494,0.8583,0.8616,0.9272,48.1849,10.8507,False,364
197,0.9893,0.9034,0.8348,0.7444,0.7488,0.7448,0.7499,0.7914,54.7903,8.9514,False,366
198,0.8147,0.7539,0.7155,0.6481,0.6466,0.6527,0.6450,0.7037,51.3933,10.3123,False,366
199,0.8951,0.8348,0.8218,0.7518,0.7576,0.7510,0.7614,0.7600,51.3151,12.4462,False,366
200,0.8042,0.8090,0.7756,0.7052,0.7243,0.7014,0.7307,0.7702,51.4348,12.2396,False,366
201,1.3699,1.1125,1.1028,0.8714,0.9020,0.8769,0.8904,0.9259,51.1333,8.0348,False,366
202,1.0547,0.9807,0.9170,0.8257,0.8462,0.8191,0.8624,0.8729,53.1007,11.4864,False,366
203,0.6904,0.6960,0.5984,0.6106,0.6085,0.6097,0.6302,0.7530,54.4996,10.2737,False,354
204,0.8244,0.7742,0.7624,0.6913,0.7168,0.6981,0.7087,0.6903,50.9383,14.2093,False,360
205,0.8551,0.8578,0.8190,0.7231,0.7418,0.7293,0.7555,0.8221,52.2085,14.1180,False,366
206,0.8127,0.7756,0.7259,0.7026,0.7047,0.7032,0.7137,0.6979,52.5181,7.3081,False,366
207,1.2410,1.0080,0.9489,0.9005,0.9089,0.9074,0.9117,0.9196,51.7855,8.8388,False,366
208,1.3243,1.0255,0.9574,0.8033,0.8078,0.8018,0.8058,0.8056,51.6336,8.3945,False,366
209,0.7907,0.7691,0.6420,0.5362,0.5444,0.5395,0.5553,0.5561,55.0110,8.4125,False,366
210,1.3986,1.1866,1.0376,0.7749,0.7889,0.7673,0.7818,1.0137,50.4505,11.6350,False,365
211,1.2985,1.1546,0.9838,0.8144,0.8329,0.8022,0.8334,0.9338,51.9267,13.8797,False,366
212,0.9457,0.8593,0.8382,0.7518,0.7616,0.7467,0.7603,0.7891,53.8025,10.6988,False,365
213,1.0537,0.9471,0.9064,0.7593,0.7656,0.7557,0.7776,0.8118,52.9724,11.1374,False,366
214,0.7207,0.7143,0.6648,0.6378,0.6366,0.6320,0.6364,0.6387,51.2452,7.6425,False,366
215,0.8274,0.7868,0.7691,0.7123,0.7170,0.7132,0.7201,0.7569,52.1029,11.5827,False,366
216,0.9486,0.8944,0.8339,0.7508,0.7568,0.7516,0.7581,0.8713,50.1015,6.8009,False,365
217,0.9615,0.8876,0.8489,0.7530,0.7700,0.7605,0.7765,0.7771,52.5468,14.5452,False,365
218,1.2553,1.0164,0.9912,0.8587,0.8581,0.8675,0.8608,0.8851,50.8492,8.7746,False,366
219,0.9269,0.8725,0.8600,0.7234,0.7259,0.7214,0.7252,0.7383,50.6510,13.1469,False,366
220,0.8225,0.8561,0.7764,0.6121,0.6110,0.6078,0.6078,0.6878,50.6620,7.9602,False,366
221,0.9860,0.8750,0.8484,0.7460,0.7603,0.7485,0.7598,0.7672,53.3223,11.9319,False,366
222,1.1921,1.0168,0.9879,0.8157,0.8304,0.8094,0.8320,0.8770,51.7259,11.5109,False,366
223,0.8763,0.7976,0.7400,0.7362,0.7262,0.7418,0.7301,0.7918,50.5612,10.3771,False,366
224,1.4613,1.2389,1.1605,0.9298,0.9462,0.9250,0.9370,1.2009,51.1294,13.4327,False,366
225,1.3686,1.1294,1.0949,0.8409,0.8481,0.8394,0.8536,0.9449,49.4773,9.7622,False,366
226,0.9552,0.9208,0.8369,0.6926,0.6873,0.6915,0.6866,0.7241,48.1694,8.9433,False,366
227,1.1857,0.9744,0.9591,0.8370,0.8478,0.8389,0.8475,0.8391,48.8548,12.9189,False,366
228,1.2005,1.0061,1.0180,0.8121,0.8102,0.8186,0.8064,0.8487,49.6691,9.0085,False,366
229,0.9294,0.9061,0.8663,0.7859,0.7980,0.7953,0.7946,0.8359,49.7176,9.0997,False,366
230,1.0343,0.8945,0.8865,0.7876,0.7882,0.7794,0.7900,0.7854,50.7281,11.7838,False,366
231,1.1203,0.9035,0.8937,0.8019,0.8061,0.8039,0.8065,0.8126,49.7644,9.2530,False,365
232,1.1102,0.9797,0.9804,0.8410,0.8469,0.8434,0.8439,0.8944,50.4383,7.8061,False,366
233,0.9793,0.9003,0.8451,0.8011,0.8047,0.7928,0.8128,0.8734,51.7209,9.8352,False,366
234,1.7958,1.5546,1.2581,1.0573,0.9601,1.0628,0.9841,1.5108,48.9721,8.8734,False,366
235,1.3313,1.1556,1.1031,0.9255,0.9304,0.9274,0.9267,1.0244,48.2791,12.5024,False,362
236,1.1058,1.0027,0.9243,0.8141,0.8276,0.8207,0.8365,0.8380,52.5176,14.1232,False,366
237,1.3551,1.0748,0.8863,0.7762,0.7545,0.7673,0.7429,0.8802,48.1631,11.5429,False,366
238,0.9953,0.9522,0.7907,0.7434,0.7351,0.7404,0.7379,0.8158,48.3851,9.4837,False,366
239,1.4390,1.2811,1.0289,0.8738,0.8947,0.8780,0.8894,1.0994,51.5660,14.7009,False,361
240,1.2298,0.9993,0.8577,0.7958,0.8125,0.8098,0.8205,0.8447,50.3574,8.7506,False,365
241,1.0659,0.9444,0.9351,0.8463,0.8365,0.8437,0.8444,0.8792,48.7097,11.2096,False,365
242,1.1209,0.9401,0.9250,0.8073,0.7946,0.7988,0.8002,0.8643,48.3115,10.3773,False,366
243,1.6570,1.3394,1.2246,1.0456,1.0710,1.0518,1.0599,1.0661,50.5346,7.0853,False,340
244,1.1612,1.0701,0.9322,0.7827,0.8073,0.7852,0.8128,0.8706,53.1020,13.0421,False,366
245,1.1057,1.1010,0.7421,0.6241,0.6182,0.6220,0.6158,0.6305,50.5002,11.1344,False,366
246,0.8682,0.8751,0.8101,0.6903,0.6658,0.6892,0.6747,0.7447,50.8923,9.4050,False,366
247,0.9748,0.8368,0.8121,0.7602,0.7609,0.7584,0.7660,0.7731,50.8446,7.3720,False,366
248,1.3411,1.1009,1.0969,0.8721,0.8528,0.8694,0.8551,1.0894,49.3436,7.2295,False,366
249,0.8240,0.7996,0.7711,0.6919,0.7307,0.6922,0.7346,0.7070,52.9037,12.8072,False,366
250,1.0784,0.8706,0.7496,0.6937,0.6984,0.6966,0.6880,0.7805,50.6743,6.4240,False,366
251,0.7843,0.7678,0.7332,0.7040,0.7041,0.6991,0.7009,0.6883,49.3895,9.9666,False,366
252,1.0528,0.8983,0.8923,0.7867,0.7959,0.7676,0.7987,0.8023,48.8253,10.5067,False,366
253,1.1401,0.9356,0.7738,0.7111,0.7265,0.7191,0.7341,0.7424,50.8294,6.6602,False,366
254,0.8076,0.7840,0.7058,0.7046,0.7461,0.7076,0.7583,0.7967,53.7123,7.1519,False,360
255,0.8796,0.8425,0.7125,0.6167,0.6293,0.6285,0.6333,0.7043,53.7647,8.6583,False,365
256,0.7200,0.7340,0.6862,0.6284,0.6316,0.6287,0.6260,0.6576,50.3601,6.8697,False,366
257,1.7058,1.5053,1.2305,1.0449,0.9866,1.0426,0.9986,1.3096,49.4258,11.2538,False,366
258,1.0086,0.9025,0.8631,0.7773,0.7751,0.7858,0.7847,0.8036,49.5030,11.0549,False,366
259,3.0433,2.2287,0.9844,0.8561,0.8599,0.8556,0.8621,0.9445,47.6187,12.1666,False,366
260,2.9416,2.0407,1.0417,0.9277,0.9514,0.9269,0.9460,0.9616,47.3986,10.2760,False,366
261,1.0585,0.8892,0.8730,0.7442,0.7466,0.7439,0.7461,0.7455,49.1280,9.3525,False,365
262,0.7339,0.7389,0.7080,0.6401,0.6655,0.6452,0.6591,0.6679,49.4521,12.4366,False,366
263,1.0810,0.8952,0.7698,0.6868,0.6789,0.6824,0.6808,0.7502,49.2070,9.5175,False,366
265,1.0016,0.8839,0.8690,0.7758,0.7857,0.7718,0.7768,0.7820,51.2960,13.0928,False,366
267,0.8365,0.7924,0.7639,0.6568,0.6748,0.6483,0.6840,0.7617,51.0873,11.9292,False,366
268,1.5439,1.2973,1.2296,0.9564,0.9693,0.9625,0.9720,1.1445,50.4538,10.2211,False,364
269,1.9278,1.3498,0.9121,0.8545,0.8895,0.8506,0.8691,0.9009,47.6362,10.3892,False,366
270,0.8055,0.8029,0.7483,0.6721,0.6766,0.6768,0.6732,0.6815,49.1510,11.6896,False,360
271,0.9110,0.7892,0.7703,0.7833,0.7902,0.7833,0.7939,0.7790,54.0893,10.8773,False,364
272,1.5388,1.2673,1.2453,1.0393,1.0369,1.0516,1.0630,1.3102,49.5356,6.3804,False,366
273,0.9300,0.8383,0.8238,0.7429,0.7439,0.7489,0.7436,0.7961,48.9329,8.6973,False,364
274,1.1679,1.0217,0.9430,0.7914,0.7898,0.7873,0.7810,0.9465,47.9344,9.2869,False,366
275,0.9143,0.8111,0.7967,0.7092,0.7018,0.7079,0.7041,0.7376,49.1912,7.5879,False,321
276,1.1493,0.9220,0.9309,0.7908,0.7962,0.7842,0.7962,0.7952,50.4819,12.1300,False,357
277,0.7683,0.7607,0.7172,0.6398,0.6370,0.6401,0.6317,0.6680,49.4777,11.5357,False,366
278,0.7820,0.7789,0.7411,0.6782,0.6836,0.6773,0.6951,0.7180,52.3813,13.0622,False,366
279,1.2920,1.1046,0.8166,0.6606,0.6845,0.6626,0.6890,0.7665,54.3643,13.4771,False,366
280,1.1826,0.9807,0.9318,0.7609,0.7695,0.7648,0.7700,0.8044,51.7953,11.1320,False,362
281,1.1162,1.0131,0.9944,0.8508,0.8496,0.8565,0.8650,0.9168,53.7331,9.8776,False,366
282,1.0490,0.9390,0.9208,0.7851,0.7996,0.7779,0.7995,0.8326,52.4461,8.5906,False,366
283,1.4090,1.0650,0.9022,0.8340,0.8288,0.8368,0.8274,0.8321,47.8062,9.6206,False,366
284,0.9281,0.8273,0.8245,0.7405,0.7549,0.7409,0.7556,0.7542,49.0424,12.1021,False,366
285,1.0068,0.8494,0.7204,0.6651,0.6627,0.6649,0.6583,0.7542,50.9906,7.6958,False,366
286,1.0049,0.9231,0.8067,0.7684,0.7627,0.7571,0.7761,0.8642,48.7425,8.9240,False,366
287,1.3126,1.0575,1.0611,0.8771,0.8820,0.8801,0.8950,0.9504,48.6703,7.9939,False,366
288,0.8723,0.8246,0.8176,0.7704,0.7760,0.7712,0.7856,0.7807,52.2887,7.3866,False,366
289,1.3379,1.0146,1.2024,0.9949,0.9994,1.0091,0.9598,0.8326,47.5590,7.7721,False,184
290,1.1467,0.9614,0.9914,0.8302,0.8258,0.8292,0.8281,0.9088,48.1479,9.4596,False,366
291,1.5084,1.1831,1.0406,0.8764,0.8859,0.8815,0.8800,0.9009,47.8754,12.1280,False,366
292,0.9124,0.7838,0.6779,0.6600,0.6741,0.6542,0.6866,0.8283,54.1803,12.0808,False,366
293,0.8727,0.8177,0.7952,0.6901,0.6989,0.6931,0.7078,0.7086,53.1288,9.3398,False,366
294,1.1792,1.0445,1.0322,0.8453,0.8596,0.8533,0.8623,0.8604,49.2164,11.1036,False,365
295,0.8829,0.8087,0.7845,0.6958,0.6898,0.6911,0.6929,0.7013,49.3848,10.1732,False,366
296,1.4538,1.2220,1.1883,0.8975,0.8676,0.9030,0.8681,1.0104,48.1814,8.6356,False,366
297,1.4049,1.1314,0.9162,0.7821,0.7995,0.8009,0.7978,0.7894,49.8502,7.8710,False,366
298,0.9951,0.9478,0.9222,0.6899,0.6757,0.6926,0.6747,0.7901,49.6468,7.8837,False,366
299,0.8681,0.7987,0.7815,0.7192,0.7216,0.7315,0.7224,0.7589,49.2128,7.1077,False,366
300,1.0707,0.9170,0.9256,0.7901,0.7861,0.7802,0.7904,0.8236,48.9569,9.0710,False,366
301,1.2159,1.0056,1.0169,0.9075,0.9080,0.9127,0.9071,0.9200,48.7832,13.3146,False,366
302,0.8629,0.7654,0.7341,0.6821,0.6798,0.6787,0.6790,0.7195,52.1042,8.7521,False,366
303,1.2536,1.1076,0.9313,0.7852,0.7702,0.7838,0.7733,1.1838,50.3517,10.0034,False,366
304,0.9261,0.8785,0.7392,0.6161,0.6271,0.6186,0.6397,0.7144,54.3279,8.6031,False,366
305,1.4253,1.1383,1.1109,0.9275,0.9639,0.9346,0.9583,0.9944,49.9195,8.9671,False,366
306,1.9889,1.7877,0.8572,0.8153,0.7765,0.8170,0.7822,1.1007,51.7658,10.6533,False,354
307,0.7678,0.7237,0.6858,0.6265,0.6251,0.6185,0.6279,0.6653,50.5679,11.8041,False,366
308,0.7038,0.6880,0.6459,0.6166,0.6077,0.6155,0.6060,0.6271,54.5275,9.5487,False,366
309,1.4767,1.2292,1.2097,0.9010,0.9046,0.9052,0.9041,1.0112,50.3447,9.5534,False,366
310,1.1989,0.9748,0.9742,0.7661,0.7732,0.7714,0.7685,0.7812,50.7250,10.4539,False,366
311,1.7182,1.6254,0.9088,0.6849,0.6679,0.6916,0.6794,0.6897,50.6546,10.7693,False,365
312,0.8385,0.8573,0.7082,0.6507,0.6444,0.6356,0.6452,0.6720,50.2968,6.4194,False,366
313,1.6279,1.3452,1.2611,0.9324,0.9681,0.9300,0.9624,1.1687,49.1643,12.6175,False,366
314,0.9850,0.8871,0.8884,0.8290,0.8256,0.8348,0.8285,0.8469,50.4925,9.1226,False,366
315,1.1561,0.9838,0.9841,0.8520,0.8677,0.8629,0.8666,0.8786,49.3278,12.0870,False,366
316,1.4778,1.1414,1.1089,0.7996,0.8373,0.7980,0.8164,0.8490,50.6440,11.1937,False,366
317,0.7239,0.7197,0.6746,0.6310,0.6352,0.6305,0.6442,0.6638,53.6425,11.3872,False,366
318,1.1636,1.0443,0.9892,0.8381,0.8624,0.8369,0.8715,0.8927,52.8911,11.7297,False,366
319,1.3771,1.1376,1.1357,1.0043,1.0048,1.0004,1.0002,0.9982,51.9040,10.1885,False,366
321,1.3811,1.1996,1.0943,0.9323,0.8832,0.9368,0.8803,1.0947,48.0719,9.1942,False,365
322,2.1691,1.6354,1.1022,0.9815,0.9687,0.9803,0.9818,0.9582,47.5776,9.7404,False,366
323,1.1823,0.9937,1.0498,0.9557,0.9644,0.9629,0.9635,0.9721,48.2719,13.0273,False,366
325,0.9775,0.8989,0.8293,0.7052,0.7158,0.7062,0.7233,0.7546,52.9604,9.7931,False,366
328,1.2772,1.0999,1.0541,0.8444,0.8416,0.8456,0.8482,0.9927,51.0607,9.9266,False,366
329,1.0368,0.9567,0.8818,0.7720,0.7795,0.7725,0.7907,0.8662,53.6946,8.8735,False,366
330,0.9364,0.8564,0.8604,0.7322,0.7477,0.7357,0.7513,0.7513,53.5527,9.6094,False,366
332,1.0292,0.9791,0.9503,0.7376,0.6974,0.7266,0.6959,0.8512,48.6657,9.8646,False,365
333,0.8498,0.7751,0.6744,0.6254,0.6265,0.6228,0.6339,0.6915,54.6654,9.8050,False,366
334,1.0717,0.9068,0.9061,0.8383,0.8468,0.8419,0.8447,0.8558,48.8275,12.5598,False,366
336,1.4234,1.1197,0.7374,0.6524,0.6784,0.6591,0.6922,0.9444,48.8282,9.2000,False,366
337,1.0712,0.8984,0.7836,0.7163,0.7100,0.7185,0.7211,0.7535,48.6883,9.2235,False,366
338,1.1631,0.9623,0.9608,0.8139,0.8213,0.8193,0.8129,0.8223,50.6390,10.0228,False,366
339,1.2386,1.0961,0.9717,0.7944,0.8104,0.7917,0.8045,1.0346,50.9771,12.3419,False,366
340,0.8564,0.7586,0.7312,0.6750,0.7003,0.6848,0.7030,0.6939,53.7610,12.5574,False,366
341,1.0249,0.9360,0.8819,0.7595,0.7651,0.7582,0.7709,0.8544,53.2758,8.9857,False,366
342,0.7667,0.8185,0.6919,0.6734,0.6651,0.6623,0.6669,0.6865,50.4002,11.3889,False,365
343,1.0745,0.9610,0.8374,0.7176,0.6996,0.7186,0.7090,0.8698,49.4738,7.0386,False,366
344,0.8995,0.8068,0.7984,0.7454,0.7484,0.7454,0.7438,0.7703,51.2897,6.4437,False,366
345,1.0610,0.9158,0.8536,0.7417,0.7398,0.7353,0.7335,0.7866,54.0661,12.7675,False,363
346,1.1227,0.9139,0.7228,0.6696,0.6847,0.6695,0.6771,0.6983,49.7479,6.6582,False,366
347,0.8405,0.7921,0.7727,0.7139,0.7264,0.7147,0.7266,0.7247,53.5997,13.3039,False,366
348,1.1268,1.0223,1.1799,0.8814,0.8691,0.8888,0.8566,0.9027,48.0311,12.5396,False,364
349,1.0596,0.9029,0.8854,0.7824,0.7812,0.7829,0.7787,0.8526,51.3344,8.9132,False,360
350,1.1319,1.0319,1.0002,0.9014,0.9229,0.9070,0.9200,0.9108,53.7444,14.0697,False,365
351,1.0596,0.9488,0.8878,0.7371,0.7503,0.7368,0.7629,0.8223,52.9414,10.5289,False,366
352,1.1284,0.9526,0.9417,0.7624,0.7748,0.7595,0.7730,0.7999,49.5741,10.1916,False,366
354,0.8386,0.7787,0.7518,0.6919,0.7087,0.7008,0.7212,0.7512,52.1601,11.1759,False,366
355,1.3243,1.1825,1.1466,0.8915,0.8787,0.8938,0.8884,1.0145,48.0453,8.4608,False,366
356,1.1306,0.9759,0.9539,0.8968,0.8968,0.9012,0.9092,0.8845,49.2445,8.5374,False,366
358,0.9525,0.8267,0.8257,0.7534,0.7632,0.7492,0.7622,0.7630,51.6194,9.5749,False,366
359,1.0874,0.9918,0.9805,0.8166,0.8032,0.8187,0.8049,0.8593,50.2596,8.3607,False,366
360,1.0110,0.9122,0.9104,0.7903,0.7918,0.7927,0.7882,0.7903,50.8963,10.5484,False,365
361,0.9236,0.8155,0.8061,0.7360,0.7431,0.7324,0.7411,0.7463,51.5040,9.1118,False,366
362,0.7451,0.7213,0.6965,0.6729,0.6845,0.6630,0.6844,0.6599,53.5196,12.6654,False,366
363,1.5049,1.4182,0.9212,0.6780,0.6810,0.6824,0.6839,0.7113,50.4973,9.9428,False,366
364,1.0073,0.8476,0.8161,0.7264,0.7365,0.7376,0.7480,0.7942,49.6663,12.1845,False,365
366,1.2801,1.1785,1.0716,0.7325,0.7275,0.7415,0.7406,0.8435,49.3758,8.1213,False,365
367,0.9988,0.8966,0.8459,0.7852,0.7702,0.7937,0.7855,0.8420,49.5534,6.8120,False,366
368,0.9678,0.8406,0.8472,0.7447,0.7549,0.7425,0.7564,0.7356,49.0116,10.9308,False,366
370,1.0884,0.8762,0.8072,0.6909,0.6983,0.6886,0.6987,0.7018,51.5763,7.8879,False,366
371,1.3581,1.1443,1.0925,0.9276,0.9662,0.9289,0.9683,1.0482,51.8454,10.7686,False,364
372,0.6866,0.6959,0.6572,0.6473,0.6443,0.6543,0.6468,0.6495,54.5284,11.0605,False,366
373,1.2897,1.0217,1.0027,0.8536,0.8455,0.8518,0.8485,0.9298,47.8827,11.1576,False,366
374,0.9857,0.8777,0.8703,0.8272,0.8360,0.8360,0.8402,0.8538,50.1320,8.3170,False,366
375,0.9288,0.8819,0.7499,0.6827,0.6984,0.6772,0.7055,0.6983,52.1207,12.4585,False,366
376,0.9987,0.9095,0.7810,0.7201,0.7005,0.7062,0.7040,0.7698,48.6516,8.6801,False,362
377,0.8626,0.8468,0.8049,0.7251,0.7342,0.7212,0.7453,0.7709,51.8892,12.6445,False,366
378,0.8000,0.8055,0.7288,0.6892,0.7080,0.6868,0.7126,0.7437,53.5504,7.6672,False,365
379,1.3656,1.1952,1.0182,0.8071,0.8410,0.8074,0.8385,0.9597,53.1864,12.4949,False,363
380,1.6381,1.2203,1.0370,0.8460,0.8651,0.8531,0.8672,0.8888,48.2953,8.2391,False,366
381,1.1830,1.0016,0.9759,0.8591,0.8626,0.8684,0.8691,0.8959,49.6051,8.3659,False,366
382,0.9716,0.8471,0.7640,0.6883,0.6903,0.6963,0.6937,0.7640,49.7703,9.9577,False,366
383,0.8244,0.8113,0.7909,0.7642,0.7715,0.7590,0.7848,0.7469,52.4605,9.4311,False,357
384,0.9829,0.8204,0.8103,0.7326,0.7261,0.7281,0.7236,0.7851,51.2248,7.1053,False,366
386,1.2865,1.0313,1.0256,0.8049,0.8097,0.8128,0.8126,1.0664,47.6783,8.3801,False,366
387,1.1597,1.0623,0.9676,0.8058,0.8434,0.8096,0.8417,0.8632,52.9664,13.3268,False,366
388,0.8901,0.8365,0.8196,0.7881,0.7683,0.7823,0.7662,0.9065,51.0314,12.1495,False,358
389,1.8220,1.7050,0.8453,0.6676,0.6604,0.6717,0.6705,0.6699,50.7314,13.7516,False,366
390,5.3438,5.3085,2.0359,0.9900,1.0420,1.0146,1.0827,1.0594,47.4209,10.9847,False,366
391,1.1765,0.9330,0.8705,0.8152,0.8227,0.8105,0.8178,0.8158,50.6878,12.4329,False,366
392,1.4998,1.1959,1.2416,0.9921,1.0145,1.0022,1.0177,1.0981,49.0280,13.2385,False,358
393,0.8626,0.8156,0.7695,0.7010,0.7188,0.6978,0.7298,0.7416,52.8630,8.6988,False,366
394,0.9299,0.8318,0.8140,0.7005,0.7121,0.6955,0.7209,0.6912,52.6198,12.7867,False,366
395,0.8852,0.8335,0.8068,0.7204,0.7411,0.7149,0.7382,0.7858,53.3881,7.2287,False,366
396,0.7804,0.7702,0.7747,0.7344,0.7310,0.7312,0.7294,0.7179,48.5451,13.3531,False,365
397,0.8296,0.8374,0.7787,0.7032,0.6952,0.7000,0.6959,0.7304,49.9462,7.2645,False,366
398,1.1998,1.0181,0.9573,0.8976,0.8992,0.9063,0.9079,0.8841,49.5090,8.5541,False,366
399,0.8733,0.7485,0.7419,0.7227,0.7147,0.7211,0.7210,0.7109,54.6410,10.0238,False,366
400,0.7851,0.7490,0.7073,0.6333,0.6586,0.6373,0.6661,0.6738,53.2139,10.4704,False,366
401,0.9010,0.8077,0.7831,0.7269,0.7176,0.7232,0.7178,0.7536,54.3194,9.8051,False,365
402,0.9432,0.8916,0.8539,0.8080,0.8309,0.8115,0.8387,0.8023,53.3837,14.3728,False,365
403,1.9386,1.7105,1.3362,1.0821,1.0180,1.0910,1.0078,1.6404,51.0593,14.4266,False,366
404,1.1052,0.9996,0.9224,0.7574,0.7791,0.7491,0.7773,0.8441,49.2247,10.6084,False,364
405,0.9377,0.8378,0.8150,0.7317,0.7165,0.7245,0.7245,0.7321,54.1654,10.3519,False,364
406,1.6198,1.4306,1.1517,0.9517,0.9568,0.9509,0.9660,1.2014,52.0192,14.7254,False,366
408,1.4297,1.2086,1.1761,0.9397,0.9705,0.9498,0.9504,1.1384,50.1989,7.8651,False,366
409,0.8682,0.7858,0.7584,0.7150,0.7121,0.7143,0.7081,0.7124,51.8664,9.2709,False,365
410,1.4860,1.3138,1.0630,0.8729,0.8903,0.8769,0.8903,1.0704,54.2484,13.0418,False,365
411,1.2811,1.0118,0.9493,0.8632,0.8490,0.8687,0.8579,0.9045,49.2406,6.9351,False,357
412,1.7663,1.2862,0.8342,0.6729,0.6600,0.6772,0.6593,0.7660,47.6845,9.4409,False,366
413,1.0180,0.9532,0.9461,0.7082,0.6878,0.7020,0.6915,0.8059,49.0210,9.6032,False,366
414,0.8848,0.7906,0.7782,0.6905,0.7144,0.6922,0.7056,0.7053,49.3328,9.7040,False,366
415,1.4780,1.2002,1.1631,1.0087,1.0118,1.0018,1.0136,0.9994,48.7695,9.8737,False,366
416,1.3704,1.0448,0.9670,0.8165,0.8022,0.8203,0.8041,0.8231,47.7738,8.8219,False,366
417,0.6779,0.6884,0.6464,0.6213,0.6424,0.6147,0.6348,0.6382,51.4140,8.6500,False,361
418,1.1245,0.9911,0.9780,0.8733,0.8802,0.8652,0.8878,0.8521,52.3613,12.3867,False,364
419,0.9145,0.8252,0.8072,0.7215,0.7274,0.7270,0.7345,0.7428,52.0304,10.9626,False,365
420,1.0260,0.8792,0.8826,0.8102,0.8020,0.8109,0.7952,0.7924,50.8426,10.2518,False,366
421,1.1257,1.0351,0.9410,0.7899,0.8079,0.7923,0.8209,0.8683,52.5075,11.8551,False,366
422,1.4760,1.1911,1.1751,0.9018,0.9087,0.9023,0.9123,0.9665,48.6705,9.4627,False,366
423,1.2462,1.0333,1.0157,0.9331,0.9302,0.9273,0.9323,0.9490,51.2061,10.4978,False,362
424,1.5297,1.3634,1.1524,0.9674,1.0037,0.9737,0.9974,1.1214,54.1049,13.8239,False,366
425,1.3967,1.2455,1.1233,0.8611,0.8646,0.8552,0.8756,1.0593,49.5314,10.6418,False,366
426,0.8545,0.7710,0.7372,0.6871,0.6788,0.6841,0.6793,0.7561,51.0507,13.3003,False,366
427,1.2133,1.0508,0.9997,0.8417,0.8607,0.8414,0.8592,0.9579,50.0132,9.6540,False,366
428,1.0039,0.8506,0.8370,0.7798,0.7773,0.7712,0.7618,0.7678,51.7663,7.5193,False,366
429,1.1800,0.9679,0.9624,0.8122,0.8095,0.8152,0.8063,0.8921,50.3940,8.1423,False,366
430,0.9278,0.8102,0.8182,0.7578,0.7242,0.7519,0.7254,0.8032,48.2070,11.2035,False,366
431,0.8809,0.8050,0.7754,0.7281,0.7230,0.7347,0.7310,0.7909,50.0579,10.2972,False,366
432,1.1760,1.0065,0.9614,0.8438,0.8334,0.8417,0.8307,0.8897,48.7020,11.8493,False,365
433,1.0669,0.8791,0.7830,0.6755,0.6736,0.6798,0.6767,0.7614,52.0111,10.3966,False,366
434,1.5657,1.2259,1.1538,0.8277,0.8113,0.8316,0.8067,0.8312,47.8350,12.6548,False,366
435,1.2778,1.1025,1.0809,0.8855,0.9084,0.8776,0.8916,0.9869,52.0714,8.4565,False,363
436,1.2158,0.9864,0.9796,0.8166,0.8324,0.8187,0.8286,0.8639,49.7636,9.4063,False,366
437,0.9581,0.8458,0.8290,0.7076,0.7097,0.7035,0.7138,0.7383,54.5268,9.0425,False,365
438,0.9132,0.7908,0.7748,0.7348,0.7169,0.7370,0.7302,0.7538,48.7351,10.7415,False,362
439,1.1205,1.0259,1.0098,0.9493,0.9722,0.9459,0.9804,1.0417,51.1507,11.3321,False,366
440,0.9205,0.8067,0.7769,0.7406,0.7424,0.7334,0.7440,0.7469,50.5467,12.2863,False,366
441,1.7271,1.4304,1.3131,1.0819,1.0887,1.0794,1.1222,1.3521,51.4634,7.9780,False,366
442,1.2123,1.0301,0.9586,0.8425,0.8292,0.8430,0.8376,0.9714,48.6099,10.2674,False,366
443,1.1282,0.9294,0.9190,0.8203,0.8274,0.8247,0.8345,0.8239,50.0900,8.7862,False,366
444,2.0178,1.8952,1.2957,1.1451,1.1306,1.1462,1.1320,1.3943,50.6199,13.4816,False,366
445,0.8390,0.7676,0.7508,0.6749,0.6790,0.6739,0.6724,0.6881,49.1088,12.8231,False,366
446,1.0569,0.9692,0.8669,0.7763,0.8100,0.7744,0.8111,0.7910,53.3175,13.4175,False,366
447,1.1080,0.9765,0.9532,0.8186,0.8279,0.8192,0.8341,0.8437,51.6820,12.3042,False,365
448,1.2380,1.0603,1.0004,0.8266,0.8461,0.8351,0.8567,0.9458,49.3909,12.6838,False,366
449,0.8915,0.8359,0.7640,0.6485,0.6731,0.6609,0.6728,0.7071,53.5984,6.7024,False,366
450,0.9096,0.8297,0.8204,0.7714,0.7675,0.7731,0.7664,0.7885,52.0814,6.9410,False,366
451,1.0104,0.9302,0.8490,0.7310,0.7404,0.7284,0.7541,0.7449,52.7461,13.8427,False,366
452,0.7366,0.7440,0.6994,0.6502,0.6546,0.6529,0.6607,0.6815,50.0315,11.9745,False,365
453,1.2796,1.1394,0.9719,0.8006,0.8085,0.8001,0.8112,1.0154,50.0083,9.4239,False,366
454,0.9229,0.8437,0.8377,0.7543,0.7602,0.7480,0.7620,0.7830,50.6610,12.0757,False,365
455,1.9809,1.4857,1.0992,0.9458,0.9779,0.9533,0.9806,1.0189,47.7724,12.9073,False,366
456,0.4159,0.5321,0.3922,0.5456,0.5170,0.5510,0.5179,0.5743,54.1651,6.3460,False,323
457,1.4138,1.1475,1.0443,0.9362,0.9837,0.9389,0.9854,0.9000,51.0240,13.7737,False,366
458,1.0347,0.9193,0.8561,0.7534,0.7478,0.7510,0.7452,0.7916,51.3895,11.5412,False,365
459,0.8452,0.7931,0.7638,0.6801,0.6839,0.6762,0.6860,0.7075,53.9224,10.2267,False,366
460,1.5065,1.1706,1.0429,0.8996,0.9144,0.8925,0.9169,1.0093,47.6754,12.4698,False,366
461,0.9105,0.8498,0.7905,0.7238,0.7269,0.7144,0.7285,0.7826,52.9335,8.2370,False,366
462,1.1082,0.9311,0.9255,0.7889,0.7946,0.7989,0.7947,0.8725,48.6159,13.0506,False,364
463,1.5776,1.4018,0.9428,0.9420,0.8295,0.9360,0.8248,1.2239,47.8597,8.2308,False,366
464,0.9108,0.8390,0.8246,0.7416,0.7407,0.7349,0.7473,0.7632,52.6711,9.2229,False,366
465,0.7884,0.7774,0.7515,0.7365,0.7308,0.7307,0.7379,0.7754,51.1044,11.7112,False,366
466,1.2818,1.0561,1.0517,0.9386,0.9337,0.9366,0.9317,1.0281,47.7955,10.0324,False,366
467,1.2777,1.0838,1.0358,0.8183,0.8305,0.8276,0.8267,0.9093,50.4167,10.8156,False,366
468,1.1222,1.0137,0.9581,0.8306,0.8485,0.8398,0.8553,0.8863,52.6423,10.6627,False,366
469,1.0252,0.8967,0.8640,0.7250,0.7203,0.7128,0.7148,0.7594,49.1804,9.9800,False,366
470,0.8714,0.8484,0.8256,0.6958,0.7018,0.6957,0.7100,0.7959,51.0176,11.3544,False,354
471,1.0229,0.8677,0.7682,0.6835,0.6838,0.6881,0.6834,0.7196,51.5088,6.7018,False,366
472,0.9066,0.8513,0.8368,0.7630,0.7650,0.7636,0.7718,0.7853,52.7198,7.7472,False,366
473,0.9671,0.9195,0.8263,0.7330,0.7374,0.7364,0.7432,0.7928,50.2046,12.1435,False,366
475,0.9109,0.8335,0.7719,0.7223,0.7259,0.7202,0.7478,0.9370,52.5447,13.5598,False,366
476,0.9230,0.7887,0.7758,0.7413,0.7478,0.7402,0.7464,0.7198,49.2942,8.9054,False,366
477,0.8144,0.7634,0.7368,0.6661,0.6607,0.6606,0.6655,0.6780,54.0188,9.9255,False,366
478,1.0450,0.8508,0.8271,0.7269,0.7390,0.7225,0.7365,0.7560,47.8342,10.8667,False,361
480,0.7463,0.7070,0.6948,0.6339,0.6461,0.6201,0.6694,0.6310,53.6410,8.0808,False,366
481,0.9074,0.8306,0.7622,0.7265,0.7149,0.7233,0.7164,0.7770,51.0007,10.3621,False,366
482,1.0668,0.9709,0.9158,0.7441,0.7312,0.7347,0.7385,0.8039,49.1623,10.3662,False,366
483,1.0760,0.9585,0.8992,0.7574,0.7437,0.7510,0.7436,0.9928,48.0130,11.5524,False,361
484,1.1931,0.9610,0.9713,0.8362,0.8405,0.8329,0.8453,0.8367,52.0818,9.4077,False,366
485,0.9097,0.8528,0.7855,0.7471,0.7475,0.7405,0.7508,0.8175,51.0899,7.6290,False,366
486,0.9809,0.8369,0.8212,0.7580,0.7514,0.7599,0.7498,0.7771,50.2667,9.1854,False,366
487,1.0859,0.9010,0.9000,0.7818,0.8039,0.7742,0.7954,0.7766,51.9644,9.8072,False,355
488,1.3659,1.1327,1.0901,0.9109,0.9217,0.9154,0.9104,1.0067,48.6596,12.5388,False,366
489,1.2633,1.0685,1.0726,0.8934,0.9038,0.8937,0.9013,0.9785,51.5966,7.4049,False,362
490,1.1593,0.8985,0.8075,0.7077,0.7158,0.7096,0.7120,0.7311,50.6819,11.5150,False,366
491,1.0952,0.9116,0.8973,0.7662,0.7683,0.7614,0.7550,0.7855,51.4789,7.2697,False,361
492,1.3019,1.2047,1.0705,0.8803,0.9149,0.8840,0.9312,1.0473,52.9157,10.1885,False,366
493,1.2019,1.0196,1.0063,0.8555,0.8635,0.8658,0.8753,0.9071,49.8174,11.8638,False,365
494,1.4235,1.1101,1.0008,0.8380,0.8445,0.8331,0.8298,0.8440,50.8534,7.9966,False,366
495,1.4510,1.2084,1.1607,0.8814,0.9160,0.8881,0.9178,1.0316,49.8576,12.3542,False,366
497,2.7789,1.9941,1.2030,0.9633,0.9900,0.9623,1.0036,1.0921,47.4779,11.2653,False,366
498,0.8704,0.8245,0.7609,0.6707,0.6672,0.6721,0.6599,0.7967,48.5734,12.2576,False,366
499,1.3104,1.0904,0.8201,0.7113,0.7290,0.7159,0.7204,0.9255,49.9656,8.2139,False,366
500,1.3567,1.3097,1.0187,0.7341,0.7263,0.7395,0.7395,0.7944,50.5084,9.2247,False,366
501,0.9237,0.7943,0.7605,0.7104,0.7176,0.7124,0.7120,0.7226,51.3329,7.3411,False,366
502,1.2347,1.0720,1.0478,0.9702,0.9760,0.9769,0.9765,1.1020,50.5617,8.2386,False,366
503,1.5077,1.1849,0.9408,0.8298,0.8436,0.8275,0.8335,0.8405,49.7326,6.6131,False,366
504,1.2079,1.0583,1.0501,0.9018,0.9077,0.9053,0.9245,0.9516,52.2467,10.9592,False,366
505,1.1747,0.9878,0.9918,0.8794,0.8907,0.8729,0.8817,0.8634,50.7334,10.8815,False,366
506,1.6112,1.2724,0.7806,0.7164,0.7241,0.7270,0.7292,1.0039,50.1269,8.6694,False,354
508,1.2091,0.9998,1.0160,0.8774,0.8696,0.8827,0.8850,0.9356,48.9726,8.3301,False,366
509,1.0172,0.8842,0.8437,0.7748,0.7658,0.7712,0.7628,0.8171,48.4025,11.6946,False,366
510,1.2238,1.0207,0.7543,0.7044,0.7134,0.7046,0.7096,0.7557,50.9894,6.9777,False,366
511,0.9274,0.8514,0.8359,0.7636,0.7691,0.7637,0.7725,0.8107,52.9542,7.3196,False,366
513,1.4499,1.1630,0.9268,0.8113,0.8234,0.8127,0.8223,0.8707,48.5376,9.2733,False,366
514,1.1055,0.9715,0.9656,0.8626,0.8437,0.8593,0.8539,0.8731,48.7112,11.5362,False,364
515,1.2262,1.0695,1.0655,0.8638,0.8714,0.8725,0.8845,0.9304,47.9242,8.6473,False,366
516,0.8831,0.7867,0.7755,0.7144,0.6988,0.7088,0.6984,0.7908,47.9820,10.1384,False,365
517,0.8073,0.7768,0.7456,0.6667,0.6617,0.6670,0.6672,0.6975,48.2156,8.9784,False,366
518,1.2859,1.1554,1.1204,0.9757,0.9948,0.9721,0.9932,1.0124,51.4493,14.2533,False,365
519,0.9688,0.8784,0.8805,0.7847,0.7900,0.7928,0.7956,0.7845,52.3962,10.6892,False,366
520,1.0804,0.9145,0.9076,0.8912,0.8833,0.8797,0.8938,0.8937,51.6255,10.3695,False,366
521,0.8407,0.7919,0.7730,0.7143,0.7150,0.7125,0.7146,0.7121,52.3170,8.1694,False,366
522,0.7592,0.7601,0.7134,0.6370,0.6177,0.6289,0.6326,0.6907,51.1800,7.2505,False,366
523,0.7409,0.7316,0.6719,0.6252,0.6302,0.6294,0.6379,0.7390,50.7513,9.0224,False,361
524,0.9522,0.8145,0.6963,0.6537,0.6869,0.6633,0.6654,0.7001,50.7983,6.0244,False,366
525,1.2802,1.1680,0.9481,0.7663,0.7688,0.7631,0.7750,1.0577,48.9171,9.6872,False,366
526,1.5162,1.2211,1.0794,0.9431,0.9508,0.9452,0.9534,0.9653,50.4237,7.4202,False,366
527,0.8567,0.8260,0.7939,0.7116,0.7082,0.7157,0.7077,0.7296,49.9996,7.5981,False,365
528,0.9163,0.8454,0.8293,0.7617,0.7619,0.7486,0.7670,0.7896,53.0643,7.9022,False,357
529,0.9154,0.8328,0.8287,0.7472,0.7453,0.7425,0.7414,0.7521,48.7726,12.2177,False,366
530,0.8140,0.7597,0.7387,0.7277,0.7285,0.7332,0.7277,0.7626,51.2835,9.3590,False,366
531,1.0200,0.9499,0.9329,0.8466,0.8575,0.8477,0.8766,0.9180,52.7156,7.3176,False,354
532,1.0322,0.9325,0.8406,0.7201,0.7281,0.7188,0.7279,0.8090,48.4418,9.9216,False,366
533,0.7915,0.6972,0.6642,0.6659,0.6812,0.6695,0.6632,0.6327,51.8418,8.0607,False,362
534,1.5784,1.3134,1.3134,1.1270,1.1906,1.0941,1.2252,0.9758,47.8761,10.5848,True,245
535,1.4931,1.2247,1.2247,1.0962,1.0914,1.1114,1.0853,1.0754,48.4878,10.2607,True,122
