model_a,model_b,version,subset,crps_a,crps_b,mean_diff_a_minus_b,dm_stat_daily,dm_p_daily,n_days,boot_ci_low,boot_ci_high,n_stations_tested,frac_stations_a_sig_better_BH,frac_stations_a_sig_worse_BH,frac_stations_a_lower_crps
residual_spread,emos_loc,seed0,all,0.795457,0.901796,-0.106338,-11.4638,0,366,-0.123495,-0.0867995,,,,
residual_spread,emos_loc,seed0,seen,0.794789,0.901025,-0.106236,-11.4457,0,366,-0.123397,-0.0866853,500,0.738,0.012,0.958
residual_spread,emos_loc,seed1,all,0.79581,0.901796,-0.105986,-12.0176,0,366,-0.122506,-0.0878157,,,,
residual_spread,emos_loc,seed1,seen,0.795123,0.901025,-0.105901,-12.0047,0,366,-0.122399,-0.0876889,500,0.792,0.012,0.96
residual_spread,emos_loc,seed2,all,0.806239,0.901796,-0.0955568,-10.9263,0,366,-0.112132,-0.0780075,,,,
residual_spread,emos_loc,seed2,seen,0.805365,0.901025,-0.0956593,-10.9193,0,366,-0.112255,-0.0780876,500,0.644,0.016,0.926
residual_spread,emos_loc,seed_ensemble,all,0.78642,0.901796,-0.115376,-13.2355,0,366,-0.131848,-0.0975102,,,,
residual_spread,emos_loc,seed_ensemble,seen,0.785671,0.901025,-0.115354,-13.2226,0,366,-0.13182,-0.0975005,500,0.844,0.012,0.976
residual_spread,nn_aux_emb,seed0,all,0.795457,0.795876,-0.000418189,-0.187211,0.851495,366,-0.00510591,0.00363501,,,,
residual_spread,nn_aux_emb,seed0,seen,0.794789,0.795256,-0.000467904,-0.210117,0.833576,366,-0.00518459,0.00358968,500,0.044,0.04,0.492
residual_spread,nn_aux_emb,seed1,all,0.79581,0.793444,0.0023656,0.612044,0.540509,366,-0.00512694,0.0102561,,,,
residual_spread,nn_aux_emb,seed1,seen,0.795123,0.792814,0.0023095,0.597337,0.550282,366,-0.00518541,0.0102066,500,0.052,0.064,0.516
residual_spread,nn_aux_emb,seed2,all,0.806239,0.81031,-0.00407065,-1.14917,0.250484,366,-0.0105363,0.00315745,,,,
residual_spread,nn_aux_emb,seed2,seen,0.805365,0.809582,-0.00421691,-1.19004,0.234031,366,-0.0106889,0.00301651,500,0.086,0.046,0.558
residual_spread,nn_aux_emb,seed_ensemble,all,0.78642,0.782297,0.00412278,2.22459,0.0261085,366,0.000431322,0.00776609,,,,
residual_spread,nn_aux_emb,seed_ensemble,seen,0.785671,0.781622,0.00404847,2.18461,0.0289173,366,0.000356159,0.00767289,500,0.04,0.094,0.378
nn_aux_emb,emos_loc,seed0,all,0.795876,0.901796,-0.10592,-11.8502,0,366,-0.121993,-0.08684,,,,
nn_aux_emb,emos_loc,seed0,seen,0.795256,0.901025,-0.105768,-11.8194,0,366,-0.121851,-0.0866718,500,0.788,0.01,0.962
nn_aux_emb,emos_loc,seed1,all,0.793444,0.901796,-0.108351,-10.6136,0,366,-0.127653,-0.0870623,,,,
nn_aux_emb,emos_loc,seed1,seen,0.792814,0.901025,-0.108211,-10.5966,0,366,-0.12751,-0.0869523,500,0.774,0.01,0.95
nn_aux_emb,emos_loc,seed2,all,0.81031,0.901796,-0.0914861,-9.42872,0,366,-0.111074,-0.0727004,,,,
nn_aux_emb,emos_loc,seed2,seen,0.809582,0.901025,-0.0914424,-9.41134,0,366,-0.111092,-0.0726069,500,0.58,0.018,0.878
nn_aux_emb,emos_loc,seed_ensemble,all,0.782297,0.901796,-0.119498,-13.074,0,366,-0.137094,-0.100673,,,,
nn_aux_emb,emos_loc,seed_ensemble,seen,0.781622,0.901025,-0.119402,-13.053,0,366,-0.137016,-0.10053,500,0.876,0.01,0.982
abl_no_residual,residual_spread,seed0,all,0.799584,0.795457,0.00412694,1.64314,0.100355,366,-0.000578695,0.00932596,,,,
abl_no_residual,residual_spread,seed0,seen,0.79901,0.794789,0.00422128,1.67891,0.0931698,366,-0.000481002,0.00944888,500,0.022,0.046,0.434
abl_no_residual,residual_spread,seed1,all,0.793166,0.79581,-0.00264386,-0.688994,0.490827,366,-0.00971219,0.00514651,,,,
abl_no_residual,residual_spread,seed1,seen,0.792517,0.795123,-0.00260635,-0.679251,0.496979,366,-0.00968314,0.00518218,500,0.07,0.048,0.5
abl_no_residual,residual_spread,seed2,all,0.811781,0.806239,0.00554247,1.53935,0.123718,366,-0.00172975,0.0125219,,,,
abl_no_residual,residual_spread,seed2,seen,0.811141,0.805365,0.00577592,1.60642,0.108181,366,-0.00148311,0.0127429,500,0.058,0.112,0.38
abl_no_residual,residual_spread,seed_ensemble,all,0.782845,0.78642,-0.00357507,-2.09174,0.0364615,366,-0.00663706,-0.000134787,,,,
abl_no_residual,residual_spread,seed_ensemble,seen,0.782205,0.785671,-0.00346558,-2.02642,0.042722,366,-0.0065357,-1.83658e-05,500,0.112,0.048,0.61
abl_free_spread,residual_spread,seed0,all,0.800216,0.795457,0.0047591,1.21284,0.225193,366,-0.00277899,0.0127455,,,,
abl_free_spread,residual_spread,seed0,seen,0.799475,0.794789,0.00468648,1.19029,0.233932,366,-0.00287083,0.0126809,500,0.036,0.086,0.43
abl_free_spread,residual_spread,seed1,all,0.797291,0.79581,0.00148163,1.25228,0.210469,366,-0.000871148,0.00373568,,,,
abl_free_spread,residual_spread,seed1,seen,0.796533,0.795123,0.00140972,1.19371,0.232591,366,-0.00094287,0.00365824,500,0.002,0,0.416
abl_free_spread,residual_spread,seed2,all,0.804992,0.806239,-0.00124713,-0.810586,0.417603,366,-0.0043596,0.00169254,,,,
abl_free_spread,residual_spread,seed2,seen,0.804149,0.805365,-0.00121632,-0.791297,0.428771,366,-0.00432348,0.00171623,500,0.004,0.004,0.572
abl_free_spread,residual_spread,seed_ensemble,all,0.788792,0.78642,0.00237174,1.41644,0.156646,366,-0.000849874,0.0056947,,,,
abl_free_spread,residual_spread,seed_ensemble,seen,0.788005,0.785671,0.00233413,1.38988,0.164565,366,-0.000903138,0.00565973,500,0.018,0.038,0.386
abl_no_embedding,residual_spread,seed0,all,0.864116,0.795457,0.0686586,8.97718,0,366,0.0531271,0.0840007,,,,
abl_no_embedding,residual_spread,seed0,seen,0.863816,0.794789,0.0690271,8.98246,0,366,0.0534355,0.0845026,500,0.03,0.55,0.194
abl_no_embedding,residual_spread,seed1,all,0.853201,0.79581,0.0573909,8.26089,2.22045e-16,366,0.0438979,0.0719316,,,,
abl_no_embedding,residual_spread,seed1,seen,0.852906,0.795123,0.0577831,8.273,2.22045e-16,366,0.0442398,0.0724188,500,0.04,0.574,0.17
abl_no_embedding,residual_spread,seed2,all,0.846347,0.806239,0.0401077,4.87339,1.09702e-06,366,0.0246034,0.0581608,,,,
abl_no_embedding,residual_spread,seed2,seen,0.845978,0.805365,0.0406124,4.89805,9.67919e-07,366,0.0249939,0.058822,500,0.096,0.362,0.358
abl_no_embedding,residual_spread,seed_ensemble,all,0.847666,0.78642,0.0612461,8.81429,0,366,0.0478528,0.076185,,,,
abl_no_embedding,residual_spread,seed_ensemble,seen,0.847341,0.785671,0.06167,8.81567,0,366,0.0481995,0.0767624,500,0.024,0.604,0.168
