model,subset,n_seeds,n,crps_mean,crps_sd,mae_mean,mae_sd,rmse_mean,rmse_sd,coverage_80_mean,coverage_80_sd,coverage_90_mean,coverage_90_sd,width_80_mean,width_80_sd,width_90_mean,width_90_sd,pit_reliability_index_mean,pit_reliability_index_sd,mean_sigma_mean,mean_sigma_sd,bias_mean_minus_obs_mean,bias_mean_minus_obs_sd,crpss_vs_raw,crpss_vs_emos_loc,crps_per_seed
raw_ensemble_gauss,all,0,182218,1.15187,,1.44064,,1.87715,,0.39463,,0.49115,,1.87800,,2.41038,,0.81075,,0.73270,,-0.04784,,0.00000,-0.27730,
emos_gl,all,0,182218,1.00926,,1.39770,,1.84848,,0.80204,,0.88879,,4.44246,,5.70184,,0.10821,,1.73323,,0.16974,,0.12381,-0.11916,
emos_loc,all,0,182218,0.90180,,1.26510,,1.65941,,0.80474,,0.89626,,4.03039,,5.17295,,0.09295,,1.57247,,0.14866,,0.21710,0.00000,
nn_aux_emb,all,3,182218,0.79988,0.00912,1.12391,0.00845,1.48156,0.01715,0.78100,0.02118,0.88140,0.01876,3.42751,0.13506,4.39917,0.17335,0.08722,0.06508,1.33725,0.05270,0.17664,0.09211,0.30558,0.11302,0.7959;0.7934;0.8103
nn_aux_emb_ens3,all,3,182218,0.78230,,1.10112,,1.45608,,0.79357,,0.89284,,3.42751,,4.39917,,0.07936,,1.33725,,0.17664,,0.32084,0.13251,
residual_spread,all,3,182218,0.79917,0.00613,1.12296,0.00599,1.48144,0.00797,0.77157,0.02375,0.87473,0.01931,3.36740,0.15479,4.32201,0.19867,0.10404,0.05077,1.31380,0.06039,0.20281,0.05653,0.30620,0.11380,0.7955;0.7958;0.8062
residual_spread_ens3,all,3,182218,0.78642,,1.10713,,1.46398,,0.78177,,0.88385,,3.36740,,4.32201,,0.09700,,1.31380,,0.20281,,0.31726,0.12794,
abl_no_residual,all,3,182218,0.80151,0.00946,1.12562,0.01012,1.48326,0.01920,0.76306,0.00643,0.86856,0.00744,3.31828,0.03880,4.25897,0.04980,0.11486,0.04153,1.29463,0.01514,0.17601,0.11624,0.30416,0.11121,0.7996;0.7932;0.8118
abl_no_residual_ens3,all,3,182218,0.78285,,1.10127,,1.45634,,0.77669,,0.87957,,3.31828,,4.25897,,0.08867,,1.29463,,0.17601,,0.32037,0.13190,
abl_free_spread,all,3,182218,0.80083,0.00389,1.12343,0.00308,1.48612,0.00446,0.76777,0.02472,0.87090,0.02004,3.33816,0.17688,4.28448,0.22702,0.11695,0.05817,1.30239,0.06901,0.22098,0.06516,0.30475,0.11196,0.8002;0.7973;0.8050
abl_free_spread_ens3,all,3,182218,0.78879,,1.10850,,1.46985,,0.77778,,0.88004,,3.33816,,4.28448,,0.11127,,1.30239,,0.22098,,0.31520,0.12531,
abl_no_embedding,all,3,182218,0.85455,0.00896,1.19898,0.01011,1.59004,0.01400,0.78674,0.01634,0.88547,0.01338,3.72392,0.09826,4.77961,0.12611,0.09566,0.04355,1.45290,0.03833,0.21527,0.08791,0.25811,0.05239,0.8641;0.8532;0.8463
abl_no_embedding_ens3,all,3,182218,0.84767,,1.19033,,1.58097,,0.79205,,0.89054,,3.72392,,4.77961,,0.08483,,1.45290,,0.21527,,0.26409,0.06002,
raw_ensemble_gauss,seen,0,181851,1.15106,,1.43981,,1.87590,,0.39483,,0.49136,,1.87825,,2.41071,,0.81034,,0.73280,,-0.04625,,0.00000,-0.27750,
emos_gl,seen,0,181851,1.00870,,1.39700,,1.84741,,0.80230,,0.88898,,4.44262,,5.70204,,0.10842,,1.73330,,0.17129,,0.12368,-0.11951,
emos_loc,seen,0,181851,0.90102,,1.26413,,1.65782,,0.80501,,0.89645,,4.02972,,5.17209,,0.09316,,1.57220,,0.15016,,0.21722,0.00000,
nn_aux_emb,seen,3,181851,0.79922,0.00906,1.12302,0.00838,1.48008,0.01711,0.78123,0.02118,0.88160,0.01874,3.42685,0.13512,4.39831,0.17343,0.08776,0.06529,1.33699,0.05272,0.17818,0.09239,0.30567,0.11299,0.7953;0.7928;0.8096
nn_aux_emb_ens3,seen,3,181851,0.78162,,1.10019,,1.45455,,0.79380,,0.89306,,3.42685,,4.39831,,0.08006,,1.33699,,0.17818,,0.32096,0.13252,
residual_spread,seen,3,181851,0.79843,0.00601,1.12195,0.00587,1.47987,0.00785,0.77188,0.02370,0.87503,0.01923,3.36710,0.15472,4.32163,0.19858,0.10458,0.05076,1.31368,0.06037,0.20468,0.05671,0.30636,0.11387,0.7948;0.7951;0.8054
residual_spread_ens3,seen,3,181851,0.78567,,1.10611,,1.46240,,0.78210,,0.88416,,3.36710,,4.32163,,0.09762,,1.31368,,0.20468,,0.31744,0.12802,
abl_no_residual,seen,3,181851,0.80089,0.00945,1.12478,0.01012,1.48188,0.01924,0.76326,0.00644,0.86877,0.00743,3.31773,0.03906,4.25826,0.05013,0.11509,0.04200,1.29442,0.01524,0.17751,0.11651,0.30422,0.11113,0.7990;0.7925;0.8111
abl_no_residual_ens3,seen,3,181851,0.78221,,1.10040,,1.45492,,0.77690,,0.87978,,3.31773,,4.25826,,0.08917,,1.29442,,0.17751,,0.32045,0.13187,
abl_free_spread,seen,3,181851,0.80005,0.00384,1.12238,0.00303,1.48449,0.00450,0.76809,0.02469,0.87120,0.01999,3.33781,0.17674,4.28403,0.22684,0.11761,0.05826,1.30225,0.06896,0.22297,0.06524,0.30494,0.11206,0.7995;0.7965;0.8041
abl_free_spread_ens3,seen,3,181851,0.78801,,1.10744,,1.46820,,0.77809,,0.88038,,3.33781,,4.28403,,0.11192,,1.30225,,0.22297,,0.31541,0.12543,
abl_no_embedding,seen,3,181851,0.85423,0.00899,1.19848,0.01015,1.58920,0.01405,0.78676,0.01640,0.88547,0.01342,3.72304,0.09855,4.77847,0.12649,0.09606,0.04365,1.45255,0.03845,0.21658,0.08789,0.25787,0.05193,0.8638;0.8529;0.8460
abl_no_embedding_ens3,seen,3,181851,0.84734,,1.18983,,1.58013,,0.79208,,0.89058,,3.72304,,4.77847,,0.08521,,1.45255,,0.21658,,0.26386,0.05958,
raw_ensemble_gauss,unseen,0,367,1.55004,,1.85296,,2.41851,,0.29428,,0.38420,,1.75220,,2.24892,,1.01144,,0.68362,,-0.83703,,0.00000,-0.20730,
emos_gl,unseen,0,367,1.28389,,1.74351,,2.31782,,0.67302,,0.79837,,4.36484,,5.60221,,0.29155,,1.70295,,-0.59744,,0.17170,0.00000,
emos_loc,unseen,0,367,1.28389,,1.74351,,2.31782,,0.67302,,0.79837,,4.36484,,5.60221,,0.29155,,1.70295,,-0.59744,,0.17170,0.00000,
nn_aux_emb,unseen,3,367,1.12642,0.03844,1.56732,0.04576,2.09102,0.03419,0.66576,0.02836,0.78292,0.03407,3.75809,0.24445,4.82346,0.31375,0.37221,0.08012,1.46623,0.09537,-0.58885,0.06102,0.27329,0.12265,1.1026;1.1059;1.1708
nn_aux_emb_ens3,unseen,3,367,1.11672,,1.55802,,2.07907,,0.67847,,0.78474,,3.75809,,4.82346,,0.37003,,1.46623,,-0.58885,,0.27955,0.13021,
residual_spread,unseen,3,367,1.16735,0.06237,1.62194,0.07350,2.11806,0.04904,0.61762,0.05115,0.72752,0.05901,3.51474,0.21363,4.51112,0.27419,0.50136,0.08220,1.37128,0.08335,-0.72762,0.10812,0.24689,0.09077,1.1268;1.1360;1.2392
residual_spread_ens3,unseen,3,367,1.15766,,1.61322,,2.10835,,0.62125,,0.73025,,3.51474,,4.51112,,0.50082,,1.37128,,-0.72762,,0.25314,0.09831,
abl_no_residual,unseen,3,367,1.10935,0.02290,1.54407,0.03110,2.05548,0.03013,0.66485,0.00982,0.76658,0.01288,3.59315,0.09028,4.61176,0.11588,0.40200,0.03086,1.40188,0.03522,-0.57003,0.04911,0.28431,0.13594,1.0842;1.1148;1.1290
abl_no_residual_ens3,unseen,3,367,1.09983,,1.52986,,2.04335,,0.67030,,0.77657,,3.59315,,4.61176,,0.40272,,1.40188,,-0.57003,,0.29045,0.14336,
abl_free_spread,unseen,3,367,1.18779,0.03032,1.64217,0.04324,2.14633,0.02100,0.60763,0.04282,0.72116,0.04379,3.51270,0.25175,4.50850,0.32312,0.50936,0.08375,1.37049,0.09822,-0.76393,0.04392,0.23370,0.07485,1.1676;1.1731;1.2227
abl_free_spread_ens3,unseen,3,367,1.17868,,1.63345,,2.13695,,0.62398,,0.71390,,3.51270,,4.50850,,0.50082,,1.37049,,-0.76393,,0.23958,0.08195,
abl_no_embedding,unseen,3,367,1.01373,0.01506,1.44567,0.02059,1.96095,0.02617,0.77657,0.01907,0.88465,0.00957,4.16397,0.04912,5.34439,0.06304,0.24269,0.05640,1.62458,0.01916,-0.43440,0.09648,0.34600,0.21042,1.0129;0.9991;1.0292
abl_no_embedding_ens3,unseen,3,367,1.00889,,1.43857,,1.95492,,0.77929,,0.87466,,4.16397,,5.34439,,0.24796,,1.62458,,-0.43440,,0.34912,0.21419,
