,raw_ensemble_gauss,emos_bst_gl,nn_unk,nn_knn,nn_noemb,nn_attr,nn_hybrid,nn_hybrid_res,bias_hybrid,bias_hybrid_res,bias_raw,sigma_hybrid,sigma_hybrid_res,n_rows,fold,lat,lon,alt,dist_nearest_km,n_train_50km,n_train_100km,attr_novelty,outside_latlon_hull,alt_excess,orog_excess,alt_minus_orog_excess,lat_excess,lon_excess,any_attr_outside_range,d_hyb_minus_res,contrib
11101,3.37966,1.17529,1.04856,1.13235,1.01774,0.97423,0.94936,0.94579,0.20094,0.19080,-3.92187,1.69978,1.76945,3650,5,47.49917,9.74611,424.00000,28.09614,3,6,1.37174,False,0.00000,0.00000,0.00000,0.00000,0.00000,False,0.00357,0.00003
11105,4.92335,1.34476,1.43776,1.44733,1.27430,1.41972,1.24753,1.38254,-0.56669,-1.24422,-5.62463,2.12145,2.17954,3650,4,47.26667,9.60000,439.00000,28.09614,2,6,1.77877,False,0.00000,0.00000,15.50317,0.00000,0.00000,True,-0.13501,-0.00116
11308,4.02051,1.22216,1.19063,1.33465,1.36006,1.37073,1.37058,1.16408,-1.60707,-1.07701,-4.62425,2.13485,2.06320,3650,2,47.25583,10.18611,1478.00000,17.23675,4,6,1.97832,False,0.00000,0.00000,0.00000,0.00000,0.00000,False,0.20650,0.00178
11312,4.76685,1.33784,1.25864,1.21738,1.24671,1.29910,1.32451,1.27412,0.84963,0.41728,-5.42728,1.89703,1.74982,3650,1,46.96806,10.18556,1587.00000,31.99937,2,5,2.06761,True,97.40000,352.97477,0.00000,0.00000,0.00000,True,0.05038,0.00043
106400,0.82215,0.83461,0.81469,0.79485,0.83954,0.79740,0.81447,0.80171,0.34216,0.26921,0.09001,1.55773,1.52128,3625,6,51.08808,2.65240,4.70000,20.59944,3,8,0.12961,True,0.00000,0.00000,0.00000,0.00000,0.23490,True,0.01277,0.00011
106407,1.35548,1.10280,0.95333,0.88996,1.07471,0.97505,1.01256,0.97584,0.87447,0.77900,1.32637,1.44175,1.44703,3650,2,51.20034,2.88731,3.50000,20.59944,3,8,0.13324,False,0.00000,0.00000,0.00000,0.00000,0.00000,False,0.03672,0.00032
106414,0.89166,0.83432,0.83788,0.86132,0.84701,0.85942,0.84759,0.84980,0.06204,0.00080,-0.07704,1.49678,1.46660,3645,4,50.90398,3.12169,24.80000,36.80166,6,12,0.22000,False,0.00000,0.00000,0.00000,0.00000,0.00000,False,-0.00221,-0.00002
106418,1.08850,0.83773,0.68421,0.70639,0.71022,0.66395,0.66758,0.69105,-0.54895,-0.61188,-1.17523,1.13595,1.09117,3535,3,51.34737,3.20185,12.10000,27.31404,5,13,0.18474,False,0.00000,0.00000,0.00000,0.00000,0.00000,False,-0.02347,-0.00020
106428,0.84426,0.78469,0.76137,0.76979,0.79528,0.82837,0.81026,0.81019,0.49738,0.48763,-0.15593,1.50996,1.45225,3625,2,50.94056,3.66971,35.50000,11.15764,3,15,0.16438,False,0.00000,0.00000,0.00000,0.00000,0.00000,False,0.00007,0.00000
106432,0.89093,0.92863,0.86017,0.82626,0.83509,0.81870,0.84609,0.83549,0.43442,0.39508,0.21722,1.53765,1.55130,3525,2,50.57216,3.83137,60.50000,44.72303,3,14,0.31909,False,0.00000,0.00000,0.00000,0.00000,0.00000,False,0.01060,0.00009
106434,0.97051,0.92598,0.86865,0.87123,0.87718,0.87238,0.87418,0.87883,0.17263,0.21394,-0.05822,1.52279,1.49080,3650,0,50.98029,3.81600,15.00000,11.15764,5,16,0.16996,False,0.00000,0.00000,0.00000,0.00000,0.00000,False,-0.00465,-0.00004
106447,0.95426,0.82408,0.80905,0.84679,0.75769,0.74292,0.74681,0.74960,-0.12686,-0.13154,-0.73821,1.45321,1.43516,3650,4,50.79686,4.35787,100.60000,16.21997,7,21,0.21272,False,0.00000,0.00000,0.00000,0.00000,0.00000,False,-0.00279,-0.00002
106449,0.88154,0.78769,0.73238,0.79412,0.70780,0.71186,0.69920,0.70312,0.08957,0.14159,-0.61335,1.39428,1.37474,3650,0,50.45443,4.44205,192.00000,22.50110,5,14,0.41104,False,0.00000,0.00000,0.00000,0.00000,0.00000,False,-0.00391,-0.00003
106450,1.00545,0.94071,0.97766,1.07044,0.98853,0.97724,0.98963,0.98639,-0.73678,-0.74167,-0.59972,1.62746,1.64950,3650,5,51.19140,4.45176,14.00000,29.64200,5,24,0.17102,False,0.00000,0.00000,0.00000,0.00000,0.00000,False,0.00324,0.00003
106451,0.84032,0.79984,0.76288,0.76043,0.78518,0.80168,0.77902,0.76941,0.28448,0.19545,-0.05737,1.50205,1.49092,3650,1,50.89639,4.52677,58.00000,16.21997,6,20,0.28742,False,0.00000,0.00000,0.00000,0.00000,0.00000,False,0.00960,0.00008
106455,1.08210,1.02891,1.01031,0.99578,1.02782,0.99030,1.01609,1.04669,0.58640,0.75695,-0.15292,1.44253,1.46389,3420,1,50.09544,4.59459,234.80000,16.02009,3,10,0.52144,False,0.00000,0.00000,0.00000,0.00000,0.00000,False,-0.03059,-0.00025
106456,0.82284,0.77480,0.73517,0.77605,0.76053,0.78557,0.76638,0.76728,-0.31963,-0.31356,-0.25828,1.47258,1.46719,3625,0,50.23458,4.65296,288.10000,16.02009,3,12,0.54024,False,0.00000,0.00000,0.00000,0.00000,0.00000,False,-0.00090,-0.00001
106458,0.91017,0.81387,0.77438,0.78588,0.75746,0.75465,0.74352,0.74490,0.16986,0.16212,-0.57726,1.42056,1.40689,3615,0,50.74569,4.76328,121.30000,18.94417,4,20,0.21479,False,0.00000,0.00000,0.00000,0.00000,0.00000,False,-0.00138,-0.00001
106459,0.89459,0.87723,0.81573,0.80432,0.81317,0.81219,0.81919,0.80605,0.33846,0.25111,-0.07654,1.48511,1.50803,3650,2,50.58191,4.68921,159.20000,18.94417,5,18,0.37729,False,0.00000,0.00000,0.00000,0.00000,0.00000,False,0.01315,0.00011
106464,1.06818,1.03368,0.92191,0.91454,0.92528,0.90979,0.92041,0.91594,0.21195,0.22302,0.23748,1.63672,1.64534,3650,0,51.22140,5.02725,21.50000,25.07267,6,21,0.21685,False,0.00000,0.00000,0.00000,0.00000,0.00000,False,0.00447,0.00004
106465,0.81531,0.76868,0.76035,0.80308,0.75346,0.75867,0.75614,0.75341,-0.05970,-0.03832,-0.22895,1.51321,1.52591,3585,5,50.99697,5.06196,52.20000,25.07267,5,23,0.21836,False,0.00000,0.00000,0.00000,0.00000,0.00000,False,0.00273,0.00002
106472,0.86270,0.79711,0.78559,0.82079,0.79285,0.83331,0.81600,0.81466,-0.35733,-0.29921,-0.39792,1.53593,1.54128,3650,4,50.19366,5.25524,295.30000,20.20837,3,15,0.47536,False,0.00000,0.00000,0.00000,0.00000,0.00000,False,0.00133,0.00001
106476,0.87066,0.82413,0.84530,0.76250,0.92829,0.87202,0.90369,0.86964,0.75774,0.67850,0.16296,1.36897,1.33718,3625,2,50.03887,5.40375,557.00000,20.20837,2,14,0.62025,False,0.00000,0.00000,0.00000,0.00000,0.00000,False,0.03404,0.00029
106477,1.23757,1.20866,1.08936,1.05976,1.11427,1.08858,1.09793,1.08791,0.54216,0.54957,0.31276,1.59789,1.60630,3515,6,50.91546,5.45030,39.30000,21.87940,5,22,0.20752,False,0.00000,0.00000,0.00000,0.00000,0.00000,False,0.01002,0.00008
106478,0.97705,0.88042,0.81827,0.93318,0.74381,0.73912,0.74432,0.74172,-0.09390,-0.07728,-0.67281,1.36925,1.37877,3650,5,50.64528,5.45874,178.00000,30.04806,3,16,0.34501,False,0.00000,0.00000,0.00000,0.00000,0.00000,False,0.00260,0.00002
106479,0.96787,0.96178,0.90355,0.86545,0.90841,0.89274,0.90831,0.91637,0.46268,0.51544,0.32203,1.60245,1.62486,3600,1,51.16883,5.46270,55.20000,28.18713,5,18,0.20944,False,0.00000,0.00000,0.00000,0.00000,0.00000,False,-0.00806,-0.00007
106484,1.40722,1.40446,1.46835,1.39988,1.42001,1.45564,1.43451,1.39505,1.38919,1.31560,1.06944,1.39974,1.40606,3340,6,49.62036,5.58723,323.90000,46.52870,2,8,0.35665,False,0.00000,0.00000,0.00000,0.00000,0.00000,False,0.03947,0.00031
106490,0.93744,0.82889,0.74111,0.81926,0.73730,0.73829,0.73646,0.73676,-0.09005,-0.06900,-0.77490,1.34475,1.36427,3610,5,50.47861,5.90986,482.00000,12.11080,3,15,0.36223,False,0.00000,0.00000,0.00000,0.00000,0.00000,False,-0.00030,-0.00000
106494,1.10769,0.84791,0.87723,0.82276,0.89391,0.91424,0.98143,0.94786,-0.75776,0.66139,1.00302,1.30164,1.34873,3630,3,50.51078,6.07344,673.20000,8.25811,4,12,0.94746,False,0.00000,0.00000,0.00000,0.00000,0.00000,False,0.03357,0.00029
106496,1.65256,1.71226,2.17568,2.12062,2.31787,2.10712,2.16450,2.16069,2.24500,2.26444,1.49376,1.25405,1.29469,3445,1,50.48236,6.18130,565.10000,8.25811,2,14,0.40444,False,0.00000,0.00000,0.00000,0.00000,0.00000,False,0.00381,0.00003
106590,1.32125,1.03977,0.98407,1.10424,0.86922,0.80300,0.82487,0.84096,-0.38012,-0.44764,-1.23966,1.50678,1.51483,3595,3,49.63265,6.23293,367.12000,46.52870,1,9,0.35566,False,0.00000,0.00000,0.00000,0.00000,0.00000,False,-0.01609,-0.00014
207015,0.92123,0.81175,0.80057,0.85601,0.82680,0.85926,0.84015,0.83140,-0.29390,-0.27038,-0.45213,1.53987,1.54870,3650,1,50.57000,3.09750,47.00000,37.17588,1,9,0.22244,False,0.00000,0.00000,0.00000,0.00000,0.00000,False,0.00874,0.00008
207168,1.26876,1.37684,1.22909,1.06732,1.16528,1.22712,1.14578,1.06789,0.79606,0.60739,0.46829,1.62631,1.67798,3650,3,48.32467,4.02000,112.00000,142.04588,0,0,1.04341,True,0.00000,0.00000,0.00000,0.00000,0.00000,False,0.07790,0.00067
207181,0.95725,0.84820,0.78861,0.80823,0.80900,0.80202,0.80159,0.79398,-0.04565,0.07595,-0.55985,1.49984,1.50484,3650,0,48.58100,5.95983,336.00000,92.68505,0,1,0.77302,False,0.00000,0.00000,0.00000,0.00000,0.00000,False,0.00760,0.00007
207190,1.09922,0.98337,0.90686,0.87567,0.89367,0.88599,0.87356,0.89726,0.22490,0.34879,-0.58119,1.58675,1.62099,3650,5,48.54950,7.64033,150.00000,24.77440,1,6,0.16925,False,0.00000,0.00000,0.00000,0.00000,0.00000,False,-0.02370,-0.00020
207280,1.01395,1.16898,0.95250,0.89443,0.90866,0.92181,0.89744,0.89954,0.09925,0.15882,-0.24326,1.88003,1.82585,3650,2,47.26783,5.08833,219.00000,142.04588,0,0,1.07293,False,0.00000,0.00000,0.00000,0.00000,0.00000,False,-0.00210,-0.00002
207299,1.49729,1.20081,1.18761,1.13367,1.60412,1.60633,1.58692,1.60416,1.83827,1.89230,-1.11578,1.76319,1.84367,3650,5,47.61433,7.51000,263.00000,46.93302,1,3,0.37049,False,0.00000,0.00000,0.00000,0.00000,0.00000,False,-0.01725,-0.00015
207460,1.75779,1.01529,1.00172,1.11483,1.44181,2.50615,2.18908,1.68175,-2.94693,-2.19046,-1.90880,2.13007,2.12497,3650,3,45.78683,3.14933,331.00000,221.62482,0,0,1.59918,True,0.00000,0.00000,0.00000,1.18122,0.00000,True,0.50733,0.00438
300460,1.04128,0.90991,0.78423,0.83753,0.84653,0.77655,0.78631,0.78215,-0.23043,-0.21192,-0.64032,1.80524,1.72152,3610,3,49.26410,6.68680,363.00000,31.08539,2,6,0.36322,False,0.00000,0.00000,0.00000,0.00000,0.00000,False,0.00416,0.00004
300662,0.87906,0.81054,0.78973,0.81078,0.79734,0.84294,0.80481,0.81176,-0.27580,-0.32651,-0.29445,1.61336,1.60661,3650,2,52.29150,10.44640,81.44000,55.59469,0,3,0.41180,True,0.00000,0.00000,0.00000,0.00000,0.06930,True,-0.00695,-0.00006
300691,0.96907,0.90530,0.90235,0.94990,0.91546,0.91076,0.90940,0.92119,-0.18119,-0.30952,-0.14297,1.66524,1.65288,3650,6,53.04500,8.79790,4.28000,49.94381,1,4,0.30275,False,0.00000,0.00000,0.00000,0.00000,0.00000,False,-0.01179,-0.00010
300704,0.95367,0.91151,0.85322,0.85906,0.86181,0.86833,0.85321,0.85965,-0.05767,-0.15494,0.07370,1.61508,1.60249,3560,3,53.44510,9.13900,10.57000,49.94381,1,2,0.30943,True,0.00000,0.00000,0.00000,0.03210,0.00000,True,-0.00645,-0.00005
300953,1.13250,0.93668,0.85646,0.87376,0.84560,0.83768,0.83617,0.84457,-0.13963,-0.26945,-0.83869,1.42265,1.42188,3605,6,49.76190,7.05420,480.50000,25.45062,2,8,0.39360,False,0.00000,0.00000,0.00000,0.00000,0.00000,False,-0.00840,-0.00007
300963,1.03565,1.04418,0.95009,0.92978,0.95384,0.97015,0.95847,0.96639,0.50074,0.50387,0.28954,1.54517,1.53307,3645,3,52.58810,8.34240,37.70000,59.31387,0,4,0.37903,False,0.00000,0.00000,0.00000,0.00000,0.00000,False,-0.00792,-0.00007
301078,1.08269,0.96510,0.93197,0.93272,0.93965,0.93236,0.93324,0.93044,-0.34319,-0.34741,-0.41716,1.69814,1.71145,3650,3,51.29600,6.76860,36.60000,18.32137,2,10,0.34682,False,0.00000,0.00000,0.00000,0.00000,0.00000,False,0.00280,0.00002
301303,1.01475,0.96871,0.85998,0.94855,0.84438,0.93101,0.84689,0.87597,-0.75070,-0.79167,-0.81642,1.46936,1.46883,3640,4,51.40410,6.96770,150.00000,18.32137,1,6,0.83240,False,0.00000,0.00000,0.00000,0.00000,0.00000,False,-0.02908,-0.00025
301346,2.49788,1.44844,1.03326,1.03403,1.49778,1.44208,1.09184,1.33996,-0.82274,-1.55620,2.07261,1.95945,1.80050,3650,0,47.87490,8.00380,1489.60000,46.93302,1,5,3.23878,False,0.00000,0.00000,179.58384,0.00000,0.00000,True,-0.24812,-0.00214
301420,1.21169,1.00545,0.97948,0.96423,1.00752,1.08062,0.96932,0.98096,0.18395,0.34030,-0.67578,1.63969,1.60199,3650,0,50.02590,8.52130,99.70000,22.41953,2,6,0.37461,False,0.00000,0.00000,0.00000,0.00000,0.00000,False,-0.01164,-0.00010
301443,1.65326,1.29234,1.21965,1.11881,1.19439,1.18653,1.16135,1.17706,0.38775,0.47895,-1.23245,1.74502,1.75681,3635,0,48.02320,7.83430,236.46000,37.97594,1,4,0.37865,False,0.00000,0.00000,0.00000,0.00000,0.00000,False,-0.01570,-0.00013
301468,0.91443,0.85625,0.80819,0.77796,0.81699,0.85121,0.78481,0.84809,0.24462,0.61071,-0.17647,1.57446,1.56521,3650,5,48.45380,8.40900,796.54000,44.01410,2,7,0.88269,False,0.00000,0.00000,0.00000,0.00000,0.00000,False,-0.06328,-0.00055
301580,1.37907,0.86335,0.93898,0.99121,1.01582,0.89399,1.00447,0.93083,-0.87541,-0.65176,-1.45367,1.76634,1.77213,3625,5,49.98590,7.95480,110.20000,40.72895,3,11,0.80166,False,0.00000,0.00000,0.00000,0.00000,0.00000,False,0.07363,0.00063
301639,0.97679,0.91172,0.82639,0.81228,0.85332,0.87784,0.84883,0.85770,0.45465,0.50233,-0.31730,1.62097,1.62993,3635,3,50.60170,8.64390,202.70000,44.48969,2,7,0.55410,False,0.00000,0.00000,0.00000,0.00000,0.00000,False,-0.00887,-0.00008
301691,1.26943,1.20688,1.06339,1.02231,1.03982,1.09896,1.08449,1.03403,0.57040,0.33351,-0.31087,1.66645,1.66827,3610,1,51.50020,9.95070,167.42000,27.73560,1,4,0.64441,False,0.00000,0.00000,0.00000,0.00000,0.00000,False,0.05047,0.00043
301766,1.03989,0.95755,0.93823,0.97259,0.94342,0.94160,0.94235,0.92453,-0.39227,-0.29799,-0.32084,1.70236,1.71658,3650,5,52.13440,7.69690,47.80000,57.06990,0,6,0.40084,False,0.00000,0.00000,0.00000,0.00000,0.00000,False,0.01782,0.00015
302014,0.93455,0.89040,0.88737,0.95242,0.86132,0.86843,0.89057,0.88884,-0.51555,-0.56491,-0.13593,1.67168,1.70315,3650,5,52.46440,9.67790,58.46000,55.59469,0,6,0.31251,False,0.00000,0.00000,0.00000,0.00000,0.00000,False,0.00172,0.00001
302171,1.18458,1.08815,1.04732,0.92693,1.09734,1.27068,1.22883,1.18396,1.25743,1.11084,-0.36868,1.59375,1.55140,3580,2,50.85200,9.73770,272.20000,42.00303,1,7,0.41558,False,0.00000,0.00000,0.00000,0.00000,0.00000,False,0.04487,0.00038
302483,1.00757,0.89715,0.79783,0.80289,0.85396,0.95130,0.85685,0.85100,-0.72266,-0.67926,0.53020,1.80172,1.83140,3650,4,51.18030,8.48910,839.00000,59.41025,0,4,1.45891,False,0.00000,0.00000,0.00000,0.00000,0.00000,False,0.00584,0.00005
302559,1.35564,1.12230,1.22833,1.14749,1.19924,1.32422,1.36356,1.19976,1.47115,1.12983,-1.16103,1.60385,1.66197,3650,3,47.72330,10.33480,705.20000,36.39655,1,6,1.36458,True,0.00000,0.00000,0.00000,0.00000,0.00000,False,0.16381,0.00141
302597,1.15474,0.89151,0.82535,0.79887,0.81446,0.79964,0.80805,0.79296,0.18973,0.01624,-0.97527,1.62994,1.61493,3630,1,50.22400,10.07920,281.80000,31.89489,1,3,0.40709,False,0.00000,0.00000,0.00000,0.00000,0.00000,False,0.01509,0.00013
302601,1.86134,1.15434,0.98597,0.97430,1.51873,0.94648,1.01097,0.95809,1.04256,0.95410,1.65329,1.55244,1.62795,3650,4,50.22180,8.44690,825.60000,22.41953,3,8,2.47908,False,0.00000,0.00000,0.00000,0.00000,0.00000,False,0.05288,0.00046
302638,1.14141,1.04762,0.79004,0.81166,0.91651,0.92225,0.87011,0.82815,-0.66997,-0.52271,-0.29467,1.44348,1.40584,3650,0,48.10540,8.75480,973.46000,46.42849,1,6,0.99545,False,0.00000,0.00000,0.00000,0.00000,0.00000,False,0.04195,0.00036
302667,1.15858,0.96034,0.91800,0.93424,0.91391,0.90148,0.90746,0.90086,-0.14535,-0.10784,-0.61811,1.69913,1.70370,3650,4,50.86460,7.15750,92.00000,54.22314,0,7,0.47970,False,0.00000,0.00000,0.00000,0.00000,0.00000,False,0.00660,0.00006
302712,1.39510,0.79007,0.88738,0.98200,1.02568,0.98764,1.04980,1.02414,-1.29865,-1.24351,-1.58197,1.65693,1.63459,3630,1,47.69520,9.13070,428.06000,51.03448,0,8,0.90285,False,0.00000,0.00000,0.00000,0.00000,0.00000,False,0.02566,0.00022
302812,1.16468,1.01403,0.96804,0.92468,0.91580,0.91336,0.91106,0.91163,-0.00155,0.00413,-0.65921,1.71342,1.73721,3650,6,48.36470,7.82800,155.74000,24.77440,3,6,0.16995,False,0.00000,0.00000,0.00000,0.00000,0.00000,False,-0.00057,-0.00000
302925,0.96907,0.85652,0.79318,0.84871,0.83414,0.80629,0.81022,0.79285,0.06206,-0.07565,-0.56762,1.45610,1.46049,3600,0,51.39330,10.31230,356.00000,27.73560,1,3,0.84477,False,0.00000,0.00000,0.00000,0.00000,0.00000,False,0.01737,0.00015
303028,1.25685,1.08957,1.06619,1.11808,1.06151,1.04212,1.05899,1.04226,-0.36278,-0.26664,-0.51238,1.62248,1.59033,3650,4,51.78540,8.83880,157.00000,35.94360,1,5,0.25364,False,0.00000,0.00000,0.00000,0.00000,0.00000,False,0.01672,0.00014
303098,0.93855,0.83061,0.76973,0.78355,0.82530,0.81617,0.80068,0.82085,0.31992,0.35000,-0.50004,1.38059,1.37337,3645,5,51.24520,7.64250,386.70000,50.10776,0,5,0.82816,False,0.00000,0.00000,0.00000,0.00000,0.00000,False,-0.02017,-0.00017
303167,0.96318,0.92773,0.73539,0.78761,0.68835,0.68737,0.70447,0.68449,-0.30247,-0.15997,-0.44304,1.41242,1.38478,3650,0,50.66210,7.96030,546.60000,48.68031,1,7,0.87043,False,0.00000,0.00000,0.00000,0.00000,0.00000,False,0.01998,0.00017
303231,1.09290,0.83674,0.80825,0.89857,1.07894,1.19395,0.97465,0.93025,-0.88512,-0.74179,-0.93605,1.51463,1.57616,3650,1,50.56110,10.37710,450.00000,31.51436,1,4,0.87890,False,0.00000,0.00000,0.00000,0.00000,0.00000,False,0.04440,0.00038
303287,0.94937,0.91480,0.76577,0.79938,0.75711,0.76121,0.76309,0.76236,0.05991,0.08154,-0.43344,1.47639,1.46977,3650,1,49.71770,9.09970,453.00000,45.53633,1,8,0.89283,False,0.00000,0.00000,0.00000,0.00000,0.00000,False,0.00073,0.00001
303660,1.05367,0.83544,0.84975,0.93983,0.77694,0.78414,0.75824,0.77485,-0.24453,-0.32998,-0.95616,1.48753,1.49230,3475,3,50.36020,6.86970,485.00000,50.62676,0,9,0.54603,False,0.00000,0.00000,0.00000,0.00000,0.00000,False,-0.01661,-0.00014
303730,2.55159,1.37805,1.48982,1.36473,1.28211,1.27156,1.31141,1.31480,0.87302,0.94176,-2.93496,1.81289,1.84331,3645,6,47.39840,10.27590,805.76000,17.23675,4,6,1.64075,True,0.00000,0.00000,0.00000,0.00000,0.00000,False,-0.00338,-0.00003
303761,1.24895,0.85000,0.82438,0.80708,0.84056,0.89008,0.81511,0.82803,0.11362,0.20483,-1.31860,1.49513,1.47087,3640,0,49.20700,9.51760,275.94000,48.07808,1,5,0.33256,False,0.00000,0.00000,0.00000,0.00000,0.00000,False,-0.01293,-0.00011
304336,0.89195,0.85297,0.78755,0.79110,0.79246,0.78096,0.83917,0.78189,0.53314,0.23181,-0.06718,1.53233,1.53781,3650,1,49.21280,7.10770,320.00000,29.44073,2,8,0.38021,False,0.00000,0.00000,0.00000,0.00000,0.00000,False,0.05728,0.00049
304371,0.94474,0.82251,0.78514,0.77994,0.84271,0.77922,0.79574,0.77287,-0.32224,-0.11913,-0.61066,1.64975,1.58301,3645,3,52.10420,8.75210,134.60000,35.94360,1,3,0.25443,False,0.00000,0.00000,0.00000,0.00000,0.00000,False,0.02287,0.00020
304745,0.98513,0.93795,0.86128,0.84265,0.89304,0.87369,0.88836,0.87420,0.48005,0.41784,0.36767,1.55195,1.54617,3640,0,52.96040,9.79300,75.37000,55.69501,0,4,0.30693,True,0.00000,0.00000,0.00000,0.00000,0.00000,False,0.01416,0.00012
304887,1.14741,1.02384,0.79402,0.79421,0.84223,0.79809,0.80600,0.80793,-0.20203,-0.17577,-0.27774,1.47591,1.44761,3645,4,48.66560,9.86480,733.76000,47.15328,1,3,0.93706,False,0.00000,0.00000,0.00000,0.00000,0.00000,False,-0.00193,-0.00002
304928,1.71307,0.90486,0.79721,1.03830,0.85905,0.85431,0.85899,0.82898,-0.69154,-0.58292,-2.02700,1.68924,1.69929,3645,3,48.82810,9.20000,314.28000,15.64021,2,8,0.33556,False,0.00000,0.00000,0.00000,0.00000,0.00000,False,0.03001,0.00026
304931,1.07360,0.89079,0.93858,0.93038,1.05700,1.07687,1.05643,1.06050,0.97409,0.95320,-0.82750,1.57636,1.55953,3650,6,48.68830,9.22350,371.00000,15.64021,2,5,0.40951,False,0.00000,0.00000,0.00000,0.00000,0.00000,False,-0.00407,-0.00004
305029,1.24272,0.92806,0.85464,0.88153,0.76653,0.75948,0.75459,0.75065,0.06693,0.03855,-1.19213,1.43085,1.41771,3650,6,49.47370,7.03850,385.90000,29.44073,3,8,0.46805,False,0.00000,0.00000,0.00000,0.00000,0.00000,False,0.00394,0.00003
305100,1.25804,0.81256,0.84232,0.84435,0.80238,0.75843,0.77366,0.76343,-0.29185,-0.07169,-1.36396,1.73190,1.72490,3590,3,49.74790,6.65830,265.00000,28.48338,3,9,0.87917,False,0.00000,0.00000,0.00000,0.00000,0.00000,False,0.01022,0.00009
305371,1.42192,0.98378,1.65194,1.64860,1.38669,1.31190,1.24214,0.95922,1.49734,1.02613,1.10306,1.53951,1.58256,3650,4,50.49730,9.94270,921.00000,31.51436,3,5,2.19392,False,0.00000,0.00000,0.00000,0.00000,0.00000,False,0.28292,0.00244
305426,1.26572,1.11153,0.89904,0.92352,0.82147,0.78218,0.78741,0.77009,-0.23389,-0.15156,0.06619,1.41819,1.41201,3650,2,49.37580,8.12120,553.00000,34.78400,1,11,1.07860,False,0.00000,0.00000,0.00000,0.00000,0.00000,False,0.01731,0.00015
305705,1.01528,0.81447,0.80453,0.77806,0.77499,0.76781,0.77144,0.77470,0.16145,0.19321,-0.82149,1.53803,1.51959,3650,0,49.77040,9.95760,268.00000,51.18144,0,4,0.82085,False,0.00000,0.00000,0.00000,0.00000,0.00000,False,-0.00327,-0.00003
305839,0.88941,0.85029,0.79932,0.80536,0.81391,0.81519,0.80740,0.79887,-0.25034,-0.20298,0.28762,1.54932,1.56530,3650,5,53.38810,7.22870,-0.27000,21.99168,1,4,0.12064,False,0.00000,0.00000,0.00000,0.00000,0.00000,False,0.00853,0.00007
305871,0.92958,0.87139,0.74016,0.74065,0.74008,0.73263,0.73376,0.74699,-0.07110,0.24591,-0.31462,1.38207,1.37804,3635,0,49.94630,7.26450,497.00000,25.45062,3,11,0.42972,False,0.00000,0.00000,0.00000,0.00000,0.00000,False,-0.01323,-0.00011
305906,1.21796,1.06653,0.99563,0.98519,0.98410,0.99010,0.96489,0.97968,0.14859,0.28736,-0.58521,1.66620,1.68718,3645,5,49.50620,8.55850,98.00000,34.78400,2,6,0.36961,False,0.00000,0.00000,0.00000,0.00000,0.00000,False,-0.01479,-0.00013
400235,1.15834,0.93537,0.86807,0.90072,0.85362,0.88081,0.91469,0.88415,-0.82146,-0.73731,0.90244,1.64796,1.62071,3650,1,52.92800,4.78100,1.20000,40.57054,1,7,0.29776,True,0.00000,0.00000,0.00000,0.00000,0.00000,False,0.03054,0.00026
400240,0.85907,0.82017,0.79100,0.82282,0.84352,0.80222,0.79995,0.79664,-0.17661,-0.15116,-0.21608,1.57762,1.52783,3650,2,52.31800,4.79000,-3.30000,35.96901,2,10,0.23060,False,0.00000,0.00000,0.00000,0.00000,0.00000,False,0.00331,0.00003
400242,1.19424,0.83070,0.70634,0.70595,0.71510,0.69607,0.69813,0.71734,0.19593,0.26967,1.17344,1.31449,1.23307,3650,1,53.24100,4.92100,10.80000,32.84714,2,6,0.23931,True,0.00000,0.00000,0.00000,0.00000,0.00000,False,-0.01921,-0.00017
400251,1.58169,1.02539,0.92893,0.92586,0.96669,0.92747,0.95074,0.89324,0.39493,0.21897,1.52942,1.43726,1.36536,3650,2,53.39200,5.34600,0.70000,32.84714,1,5,0.23734,True,0.00000,0.00000,0.00000,0.00000,0.00000,False,0.05750,0.00050
400260,1.02067,0.96718,0.90483,0.91076,0.89570,0.89811,0.89949,0.89717,-0.08242,-0.05744,0.09734,1.59149,1.58188,3650,4,52.10000,5.18000,1.90000,22.60179,5,14,0.13982,False,0.00000,0.00000,0.00000,0.00000,0.00000,False,0.00232,0.00002
400267,0.99255,0.85398,0.74865,0.74268,0.74580,0.75243,0.74902,0.74046,0.02000,0.08730,0.78583,1.42255,1.40903,3650,6,52.89800,5.38400,-1.30000,40.57054,4,12,0.26379,False,0.00000,0.00000,0.00000,0.00000,0.00000,False,0.00856,0.00007
400269,1.05030,0.90569,0.82818,0.86565,0.85064,0.84344,0.83673,0.83372,-0.07763,-0.12659,0.56441,1.62248,1.63276,3650,3,52.45800,5.52000,-3.70000,36.88380,3,16,0.22973,False,0.00000,0.00000,0.00000,0.00000,0.00000,False,0.00301,0.00003
400270,0.98730,0.88288,0.85642,0.85095,0.86033,0.85408,0.85119,0.84844,0.09577,0.10619,0.46873,1.57929,1.53166,3650,2,53.22400,5.75200,1.20000,43.80354,1,10,0.26938,False,0.00000,0.00000,0.00000,0.00000,0.00000,False,0.00275,0.00002
400273,0.84349,0.80711,0.77736,0.76973,0.80038,0.79221,0.77494,0.78609,-0.20074,-0.23844,-0.13153,1.57493,1.57696,3650,6,52.70300,5.88800,-3.30000,36.88380,3,12,0.22605,False,0.00000,1.27465,0.00000,0.00000,0.00000,True,-0.01115,-0.00010
400275,1.04116,0.99300,0.92829,0.92368,0.92334,0.91881,0.92345,0.91685,0.21100,0.17951,0.33191,1.56429,1.60199,3650,5,52.05600,5.87300,48.20000,45.59264,3,15,0.28671,False,0.00000,0.00000,0.00000,0.00000,0.00000,False,0.00660,0.00006
400277,0.91766,0.84114,0.85428,0.85473,1.51812,0.93202,0.90395,0.92099,-0.47667,-0.68151,0.43704,1.29140,1.33069,3650,2,53.41300,6.20000,2.90000,41.00055,1,7,0.25470,True,0.00000,0.00000,0.00000,0.00000,0.00000,False,-0.01703,-0.00015
400278,1.00106,0.97701,0.87246,0.86093,0.86887,0.86528,0.86590,0.86369,-0.00613,-0.03326,0.19333,1.66382,1.68082,3650,0,52.43500,6.25900,3.60000,38.94549,5,12,0.24128,False,0.00000,0.00000,0.00000,0.00000,0.00000,False,0.00221,0.00002
400279,0.96724,0.91311,0.81523,0.80555,0.81539,0.81086,0.80880,0.80907,0.05747,0.07703,0.39731,1.65815,1.68583,3650,5,52.75000,6.57400,15.80000,40.98277,3,10,0.22910,False,0.00000,0.00000,0.00000,0.00000,0.00000,False,-0.00027,-0.00000
400280,1.05683,0.97187,0.90539,0.88962,0.89626,0.88869,0.89109,0.88994,0.10602,0.18770,0.53188,1.63374,1.62449,3650,4,53.12500,6.58500,5.20000,38.48674,3,10,0.22073,False,0.00000,0.00000,0.00000,0.00000,0.00000,False,0.00115,0.00001
400283,1.05343,1.05295,0.92522,0.89127,0.92228,0.92799,0.92054,0.92418,0.35779,0.39511,0.29370,1.65636,1.67112,3650,6,52.06900,6.65700,29.10000,48.89046,1,9,0.32833,False,0.00000,0.00000,0.00000,0.00000,0.00000,False,-0.00364,-0.00003
400286,0.92363,0.89085,0.82602,0.80844,0.82487,0.81704,0.82143,0.81699,0.32403,0.29750,0.34520,1.53644,1.52608,3650,3,53.19600,7.15000,-0.20000,21.99168,2,5,0.12426,False,0.00000,0.00000,0.00000,0.00000,0.00000,False,0.00444,0.00004
400290,1.08753,1.06434,0.93819,0.92604,0.92718,0.92618,0.92625,0.92011,-0.07198,0.05986,0.31052,1.71492,1.72650,3650,6,52.27400,6.89100,34.80000,46.50589,1,8,0.33833,False,0.00000,0.00000,0.00000,0.00000,0.00000,False,0.00613,0.00005
400310,0.78205,0.72390,0.62529,0.62285,0.64437,0.61869,0.62014,0.62052,0.11652,0.10807,-0.59326,1.11971,1.12391,3650,1,51.44200,3.59600,8.00000,22.06865,2,14,0.15539,False,0.00000,0.00000,0.00000,0.00000,0.00000,False,-0.00038,-0.00000
400319,0.92538,0.88639,0.82792,0.83287,0.82455,0.81988,0.81646,0.81714,-0.02289,-0.07654,-0.08509,1.64800,1.63081,3650,1,51.22600,3.86100,1.70000,27.50142,6,19,0.17354,False,0.00000,0.00000,0.00000,0.00000,0.00000,False,-0.00068,-0.00001
400323,0.94163,0.84832,0.81185,0.86936,0.81495,0.81099,0.83223,0.82148,-0.55422,-0.54383,-0.68096,1.54288,1.50452,1925,6,51.52700,3.88400,1.40000,22.06865,3,15,0.14950,False,0.00000,0.00000,0.00000,0.00000,0.00000,False,0.01075,0.00005
400330,0.99497,0.85303,0.71450,0.79575,0.79588,0.73115,0.71697,0.69497,-0.26194,-0.01647,0.65933,1.30358,1.28485,3650,6,51.99200,4.12200,11.90000,22.50896,1,10,0.18818,False,0.00000,0.00000,0.00000,0.00000,0.00000,False,0.02199,0.00019
400340,1.14826,1.11626,1.07519,1.05517,1.08659,1.20076,1.13628,1.18162,0.73476,0.80316,0.21461,1.56595,1.49212,3650,2,51.44900,4.34200,19.20000,29.64200,3,19,0.17289,False,0.00000,0.00000,0.00000,0.00000,0.00000,False,-0.04535,-0.00039
400344,0.91996,0.87621,0.83693,0.84096,0.84744,0.84974,0.84362,0.83954,0.09631,0.13395,-0.17598,1.47722,1.44141,3650,4,51.96200,4.44700,-4.30000,22.50896,4,14,0.20045,False,0.60000,0.00000,0.00000,0.00000,0.00000,True,0.00407,0.00004
400348,0.86582,0.84001,0.81873,0.81726,0.81453,0.81344,0.81431,0.81415,0.13120,0.10650,-0.02192,1.50752,1.49933,3650,2,51.97000,4.92600,-0.70000,19.49452,3,12,0.12596,False,0.00000,0.00000,0.00000,0.00000,0.00000,False,0.00017,0.00000
400350,0.93339,0.92594,0.86442,0.86763,0.85621,0.86051,0.85891,0.85448,0.11928,0.06864,0.04566,1.69875,1.67683,3650,2,51.56600,4.93600,14.90000,33.09103,3,20,0.21421,False,0.00000,0.00000,0.00000,0.00000,0.00000,False,0.00443,0.00004
400356,1.00195,0.98638,0.93896,0.89586,0.92090,0.90430,0.91286,0.90607,0.46638,0.44746,0.40056,1.53778,1.53179,3650,6,51.85900,5.14600,0.70000,19.49452,6,16,0.12256,False,0.00000,0.00000,0.00000,0.00000,0.00000,False,0.00679,0.00006
400370,0.98985,0.96211,0.91538,0.94854,0.92038,0.93632,0.92178,0.92400,-0.08845,-0.15195,0.11008,1.73294,1.75907,3650,4,51.45100,5.37700,22.60000,31.93619,5,15,0.19637,False,0.00000,0.00000,0.00000,0.00000,0.00000,False,-0.00222,-0.00002
400375,0.97659,0.96237,0.92478,0.87108,0.89302,0.87224,0.88664,0.88975,0.32971,0.37860,0.33256,1.56754,1.59241,3650,1,51.65900,5.70700,22.00000,32.48781,4,19,0.20300,False,0.00000,0.00000,0.00000,0.00000,0.00000,False,-0.00311,-0.00003
400380,0.81891,0.79772,0.75735,0.77443,0.77107,0.76086,0.76555,0.75853,0.15430,0.06926,-0.14453,1.46647,1.49656,3650,4,50.90600,5.76200,114.30000,21.87940,5,17,0.35028,False,0.00000,0.00000,0.00000,0.00000,0.00000,False,0.00702,0.00006
400391,1.01978,0.98702,0.90156,0.87226,0.88243,0.87758,0.88057,0.86978,0.17388,0.14362,0.20401,1.66452,1.68290,3650,4,51.49800,6.19700,19.50000,38.30088,2,11,0.28468,False,0.00000,0.00000,0.00000,0.00000,0.00000,False,0.01080,0.00009
